"CRN","MC_BAG_IND","MC_DVR_BOOTS_IND","MC_DVR_EDC_IND","MC_DVR_EYEPRT_IND","MC_DVR_HLMTDOT_IND","MC_DVR_HLMTON_IND","MC_DVR_HLMT_TYPE","MC_DVR_LNGPNTS_IND","MC_DVR_LNGSLV_IND","MC_ENGINE_SIZE","MC_PASSNGR_IND","MC_PAS_BOOTS_IND","MC_PAS_EYEPRT_IND","MC_PAS_HLMTDOT_IND","MC_PAS_HLMTON_IND","MC_PAS_HLMT_TYPE","MC_PAS_LNGPNTS_IND","MC_PAS_LNGSLV_IND","MC_TRAIL_IND","UNIT_NUM"
"2019107825","U","U","N","Y","N","N","0","U","U","01690","N","","","","","","","","N","1"
"2019086829","Y","U","U","N","N","N","0","Y","U","01550","N","","","","","","","","N","1"
"2019058640","N","N","U","U","U","N","9","Y","Y","99999","N","","","","","","","","N","1"
"2019034500","N","Y","Y","Y","N","N","0","Y","Y","00600","N","","","","","","","","N","1"
"2019072954","N","N","Y","N","Y","Y","1","Y","Y","00800","N","","","","","","","","N","1"
"2019003094","N","N","N","Y","Y","Y","1","Y","Y","00599","Y","N","Y","Y","Y","1","Y","Y","N","1"
"2019075111","","","","","","","","","","","","","","","","","","","","2"
"2019105417","U","U","U","U","U","U","9","U","U","99999","N","","","","","","","","U","1"
"2019096625","Y","U","U","U","U","U","9","U","Y","00900","Y","U","U","U","U","9","U","U","N","1"
"2019080348","U","U","U","U","U","U","9","U","U","99999","N","","","","","","","","N","2"
"2019105485","","","","","","","","","","","","","","","","","","","","2"
"2019079781","Y","N","Y","Y","U","Y","3","Y","N","00600","N","","","","","","","","N","1"
"2019077526","","","","","","","","","","","","","","","","","","","","2"
"2019074187","N","Y","U","Y","Y","Y","1","Y","Y","01150","Y","N","Y","N","Y","1","N","Y","N","2"
"2019071450","Y","Y","U","U","","","0","Y","N","99999","N","","","","","","","","N","2"
"2019080610","Y","Y","U","Y","Y","Y","3","Y","Y","01449","Y","Y","Y","Y","Y","3","Y","Y","N","1"
"2019085479","Y","Y","U","Y","Y","Y","1","Y","Y","01450","N","","","","","","","","N","1"
"2019072363","","","","","","","","","","","","","","","","","","","","1"
"2019102680","N","U","U","U","Y","Y","1","Y","Y","01200","N","","","","","","","","N","2"
"2019094768","U","N","U","Y","Y","Y","2","Y","Y","01584","N","","","","","","","","N","2"
"2019076737","","","","","","","","","","","","","","","","","","","","1"
"2019070395","N","N","N","U","N","N","0","N","N","00750","N","","","","","","","","N","1"
"2019064428","N","Y","U","N","N","N","0","Y","N","00883","N","","","","","","","","N","1"
"2019119325","N","Y","Y","Y","Y","Y","1","Y","Y","00649","N","","","","","","","","N","1"
"2019083017","U","U","U","N","N","N","0","N","N","01200","N","","","","","","","","N","1"
"2019070851","N","U","U","U","U","U","9","U","U","99999","N","","","","","","","","N","1"
"2019084989","","","","","","","","","","","","","","","","","","","","1"
"2019094864","Y","Y","Y","Y","U","Y","1","Y","U","01338","N","","","","","","","","N","1"
"2019054033","U","U","U","U","U","U","9","U","U","99999","N","","","","","","","","N","2"
"2019085886","N","Y","Y","Y","N","Y","1","Y","Y","00800","N","","","","","","","","N","1"
"2019077385","U","U","U","U","U","U","9","U","U","99999","N","","","","","","","","N","2"
"2019063119","","","","","","","","","","","","","","","","","","","","2"
"2019031598","N","Y","U","Y","Y","Y","1","Y","Y","27000","N","","","","","","","","N","1"
"2019060639","U","U","U","U","U","U","9","U","U","99999","N","","","","","","","","N","1"
"2019036269","Y","Y","Y","Y","N","N","0","Y","Y","00088","Y","Y","Y","N","N","0","Y","Y","N","2"
"2019080352","U","U","U","N","N","N","0","U","U","99999","N","","","","","","","","U","1"
"2019053274","Y","N","U","N","U","Y","1","Y","Y","01100","N","","","","","","","","N","1"
"2019053274","N","N","U","N","U","Y","1","Y","Y","00820","N","","","","","","","","N","2"
"2019091158","U","Y","U","N","N","N","0","Y","Y","01200","N","","","","","","","","U","1"
"2019085551","Y","Y","U","Y","N","N","0","Y","Y","13380","Y","Y","U","N","N","0","Y","N","N","1"
"2019037412","Y","Y","U","Y","Y","Y","3","Y","Y","01584","Y","Y","Y","Y","Y","1","Y","Y","N","1"
"2019070805","N","U","U","U","U","U","9","U","U","00800","N","","","","","","","","N","1"
"2019077043","Y","Y","N","Y","N","N","0","Y","Y","01450","N","","","","","","","","N","1"
"2019068908","","","","","","","","","","","","","","","","","","","","1"
"2019075289","N","U","N","Y","Y","Y","1","Y","N","00500","N","","","","","","","","N","1"
"2019075507","U","U","U","Y","U","U","9","U","U","99999","N","","","","","","","","U","1"
"2019099977","N","U","Y","Y","Y","Y","1","Y","Y","00600","N","","","","","","","","N","1"
"2019067434","U","U","U","U","U","U","9","U","U","99999","U","","","","","","","","U","2"
"2019072988","U","U","U","U","U","U","9","U","U","99999","Y","U","U","U","U","9","U","U","N","2"
"2019101814","N","U","U","U","N","N","0","U","U","00200","N","","","","","","","","N","2"
"2019046125","","","","","","","","","","","","","","","","","","","","2"
"2019047189","Y","U","U","U","N","N","0","Y","U","01800","N","","","","","","","","N","1"
"2019089458","N","U","U","U","U","U","9","U","N","00600","N","","","","","","","","N","1"
"2019039042","N","Y","Y","Y","U","Y","1","Y","Y","00600","N","","","","","","","","N","1"
"2019041032","Y","Y","Y","N","N","N","0","Y","N","01449","N","","","","","","","","N","2"
"2019060435","U","U","U","U","U","U","9","U","U","99999","N","","","","","","","","N","1"
"2019102579","U","U","N","N","U","U","9","U","U","00998","N","","","","","","","","N","1"
"2019097826","","","","","","","","","","","","","","","","","","","","1"
"2019096257","N","N","U","N","","","0","N","N","00085","N","","","","","","","","N","1"
"2019100402","Y","Y","U","Y","N","N","0","Y","N","01584","N","","","","","","","","N","1"
"2019042676","N","N","U","Y","U","Y","1","Y","Y","01000","N","","","","","","","","N","1"
"2019040831","N","U","U","U","N","N","0","Y","Y","01340","N","","","","","","","","N","1"
"2019063585","U","U","Y","U","U","U","9","Y","U","99999","N","","","","","","","","N","2"
"2019074017","N","N","U","Y","U","Y","1","N","N","00600","N","","","","","","","","N","2"
"2019088567","N","N","U","N","U","U","2","Y","Y","00250","N","","","","","","","","N","1"
"2019056115","U","U","U","U","U","","0","U","U","99999","Y","N","Y","U","N","1","Y","N","N","1"
"2019085674","Y","Y","U","U","U","Y","3","Y","Y","00865","N","","","","","","","","N","1"
"2019097426","N","N","U","Y","Y","Y","1","Y","Y","01000","N","","","","","","","","N","1"
"2019085827","","","","","","","","","","","","","","","","","","","","2"
"2019094284","","","","","","","","","","","","","","","","","","","","2"
"2019034518","U","U","U","U","U","U","9","U","U","99999","N","","","","","","","","N","1"
"2019075819","N","U","U","N","N","N","0","Y","Y","99999","N","","","","","","","","N","1"
"2019076729","N","U","U","Y","U","U","9","Y","U","01200","Y","U","U","U","U","9","Y","U","N","1"
"2019080782","U","U","U","U","U","U","9","U","U","99999","N","","","","","","","","N","1"
"2019080782","U","U","U","U","U","U","9","U","U","99999","N","","","","","","","","N","2"
"2019060757","","","","","","","","","","","","","","","","","","","","2"
"2019055626","N","U","Y","N","","","0","N","N","01200","N","","","","","","","","N","2"
"2019050923","U","U","U","U","U","U","9","U","U","99999","U","","","","","","","","U","1"
"2019044377","N","N","N","Y","Y","Y","1","Y","Y","00898","N","","","","","","","","N","1"
"2019079693","","","","","","","","","","","","","","","","","","","","2"
"2019070625","N","N","U","Y","U","Y","3","Y","N","99999","N","","","","","","","","N","2"
"2019002332","N","U","U","N","N","N","0","Y","Y","99999","N","","","","","","","","N","1"
"2019092786","N","Y","U","Y","N","N","0","Y","Y","99999","N","","","","","","","","N","2"
"2019080551","N","U","U","N","N","N","0","Y","N","01687","N","","","","","","","","N","1"
"2019051255","N","N","U","N","N","Y","3","Y","N","00600","Y","U","U","U","Y","3","Y","U","N","1"
"2019089247","N","Y","U","Y","Y","Y","1","Y","Y","00248","N","","","","","","","","N","2"
"2019052576","U","U","U","U","U","U","9","U","U","99999","N","","","","","","","","U","1"
"2021004477","U","U","N","U","U","U","9","U","U","99999","N","","","","","","","","U","2"
"2019053892","U","U","U","U","U","U","9","U","U","99999","N","","","","","","","","N","1"
"2019091142","N","N","N","N","","","0","Y","N","00080","N","","","","","","","","N","2"
"2019097504","N","N","N","N","N","","0","Y","N","01100","N","","","","","","","","N","1"
"2021003772","U","U","U","U","U","U","9","U","U","99999","U","","","","","","","","U","1"
"2019050256","N","Y","U","Y","N","N","0","Y","Y","01340","N","","","","","","","","N","1"
"2019122790","","","","","","","","","","","","","","","","","","","","1"
"2019081824","Y","U","Y","Y","U","Y","1","Y","Y","00700","N","","","","","","","","N","2"
"2019072078","N","U","U","Y","N","N","0","Y","Y","01450","Y","N","N","N","N","0","Y","Y","N","2"
"2019078636","U","U","U","N","N","N","0","U","U","99999","Y","U","N","N","N","0","U","U","U","1"
"2019080414","N","N","U","U","N","N","0","N","N","99999","Y","N","U","N","N","0","N","N","N","1"
"2019045050","","","","","","","","","","","","","","","","","","","","1"
"2019039457","N","N","U","N","N","N","0","Y","Y","00500","N","","","","","","","","N","1"
"2019037519","Y","Y","Y","Y","Y","Y","3","Y","Y","01960","N","","","","","","","","N","1"
"2019087456","","","","","","","","","","","","","","","","","","","","2"
"2019029467","Y","Y","U","Y","","","0","Y","N","00883","N","","","","","","","","N","1"
"2019086172","N","U","U","Y","Y","Y","1","Y","N","00600","N","","","","","","","","N","1"
"2019104101","N","U","Y","Y","U","Y","1","Y","Y","00636","N","","","","","","","","N","1"
"2019120255","Y","Y","Y","Y","U","Y","1","Y","Y","01300","N","","","","","","","","N","2"
"2019038164","U","N","U","N","N","N","0","N","N","99999","N","","","","","","","","N","3"
"2019082879","N","N","Y","Y","Y","Y","1","Y","N","00650","N","","","","","","","","N","2"
"2019058347","U","U","U","U","U","U","9","U","U","99999","N","","","","","","","","N","1"
"2019006227","","","","","","","","","","","","","","","","","","","","1"
"2019076750","Y","Y","Y","Y","Y","Y","2","Y","U","01802","N","","","","","","","","N","2"
"2019101273","","","","","","","","","","","","","","","","","","","","1"
"2019125484","","","","","","","","","","","","","","","","","","","","2"
"2019090862","N","N","U","Y","Y","Y","1","Y","Y","00296","N","","","","","","","","N","1"
"2019091151","","","","","","","","","","","","","","","","","","","","2"
"2019092153","N","U","U","U","N","N","0","Y","N","01442","N","","","","","","","","N","1"
"2019100083","Y","U","Y","N","N","N","0","U","U","01450","Y","U","N","U","U","9","U","U","N","1"
"2019091262","Y","N","U","Y","N","N","0","Y","N","01690","N","","","","","","","","N","1"
"2019066041","N","U","U","U","U","U","9","U","U","99999","N","","","","","","","","N","1"
"2019096632","U","U","U","U","N","N","0","Y","U","00737","N","","","","","","","","U","1"
"2019047241","","","","","","","","","","","","","","","","","","","","2"
"2019003073","Y","U","U","Y","N","N","0","Y","U","01800","N","","","","","","","","N","1"
"2019074062","Y","U","U","U","N","N","0","Y","Y","13000","N","","","","","","","","N","2"
"2019105425","Y","Y","Y","Y","Y","Y","3","Y","Y","01340","Y","Y","Y","Y","Y","3","Y","Y","N","1"
"2019105425","Y","Y","Y","Y","Y","Y","3","Y","Y","01340","Y","Y","Y","Y","Y","3","Y","Y","N","2"
"2019054151","U","U","U","U","U","U","9","U","U","99999","N","","","","","","","","N","1"
"2019081841","","","","","","","","","","","","","","","","","","","","2"
"2019079353","Y","N","N","N","N","N","0","Y","N","00650","N","","","","","","","","N","1"
"2019063985","Y","N","Y","N","N","N","0","Y","N","01700","N","","","","","","","","N","2"
"2019092650","Y","N","Y","Y","N","N","0","N","N","01500","N","","","","","","","","N","2"
"2019064831","Y","Y","Y","Y","Y","Y","1","Y","N","00030","N","","","","","","","","N","1"
"2019056072","N","U","U","Y","U","Y","2","Y","N","00883","N","","","","","","","","N","2"
"2019080072","U","U","U","U","U","U","9","Y","U","99999","N","","","","","","","","N","2"
"2019043858","Y","U","Y","Y","U","U","1","U","U","00150","N","","","","","","","","N","1"
"2019096668","N","U","U","Y","Y","Y","1","U","N","00599","N","","","","","","","","N","1"
"2019047248","N","N","Y","N","N","N","0","N","N","00953","N","","","","","","","","N","2"
"2019091947","N","N","N","Y","Y","Y","1","Y","Y","00250","N","","","","","","","","N","2"
"2019126001","N","Y","N","Y","U","Y","1","Y","Y","00650","N","","","","","","","","N","1"
"2019107813","N","U","U","U","N","N","0","Y","Y","01690","N","","","","","","","","N","1"
"2019083048","Y","Y","U","Y","N","N","0","Y","N","01450","N","","","","","","","","N","1"
"2019090853","N","N","Y","Y","U","U","1","N","U","00750","N","","","","","","","","N","1"
"2019049899","Y","Y","U","N","Y","Y","3","Y","Y","01100","N","","","","","","","","N","1"
"2019082451","N","U","Y","Y","Y","Y","1","Y","U","01800","N","","","","","","","","N","1"
"2019037311","N","U","U","N","N","N","0","Y","N","01200","Y","N","Y","U","Y","1","Y","Y","N","1"
"2019072992","Y","U","Y","Y","N","N","0","Y","N","01100","N","","","","","","","","N","1"
"2019096291","","","","","","","","","","","","","","","","","","","","1"
"2019083821","N","N","U","Y","Y","Y","1","Y","Y","00790","N","","","","","","","","N","1"
"2019086127","N","U","N","N","Y","Y","1","Y","Y","99999","N","","","","","","","","N","1"
"2019074537","Y","Y","U","Y","Y","Y","1","Y","Y","01200","N","","","","","","","","N","1"
"2019069552","U","U","U","U","U","U","9","U","U","99999","N","","","","","","","","N","1"
"2019080960","U","U","U","Y","U","Y","1","Y","Y","01300","Y","U","Y","U","Y","1","Y","Y","N","2"
"2019040648","N","N","U","Y","Y","Y","1","Y","N","01000","N","","","","","","","","N","1"
"2019090769","Y","Y","Y","Y","N","N","0","Y","N","01550","N","","","","","","","","N","1"
"2019074932","Y","U","U","U","N","N","0","U","U","01340","Y","N","U","N","N","0","N","N","N","2"
"2019057410","U","U","U","U","U","U","9","U","U","99999","N","","","","","","","","N","1"
"2019090096","N","Y","U","Y","U","Y","1","Y","Y","01050","N","","","","","","","","N","2"
"2019090096","N","Y","U","Y","U","Y","1","Y","Y","00998","N","","","","","","","","N","3"
"2019079562","N","Y","Y","Y","Y","Y","2","Y","N","01746","N","","","","","","","","N","2"
"2019098597","U","U","U","Y","U","U","1","U","U","99999","N","","","","","","","","U","2"
"2019094849","U","Y","Y","Y","Y","Y","2","Y","Y","00398","N","","","","","","","","N","1"
"2019086271","Y","Y","N","Y","Y","Y","1","Y","Y","00745","N","","","","","","","","N","2"
"2019083525","N","U","U","Y","U","Y","1","Y","Y","00650","N","","","","","","","","N","1"
"2019064698","","","","","","","","","","","","","","","","","","","","1"
"2019044029","","","","","","","","","","","","","","","","","","","","2"
"2019061358","Y","N","N","N","N","N","0","Y","N","01500","N","","","","","","","","N","2"
"2019052457","N","Y","Y","Y","Y","Y","1","Y","Y","01000","N","","","","","","","","N","2"
"2019075296","Y","Y","Y","Y","N","N","0","Y","Y","01200","Y","Y","Y","N","N","0","Y","Y","N","2"
"2019062491","","","","","","","","","","","","","","","","","","","","2"
"2019095403","Y","Y","Y","Y","Y","Y","1","Y","Y","01100","N","","","","","","","","N","1"
"2019028717","","","","","","","","","","","","","","","","","","","","2"
"2019092286","","","","","","","","","","","","","","","","","","","","2"
"2019067021","N","Y","N","Y","N","N","0","Y","Y","00899","N","","","","","","","","N","1"
"2019036134","Y","Y","U","Y","","","0","Y","Y","01687","N","","","","","","","","N","1"
"2019066089","Y","U","U","Y","Y","Y","2","Y","Y","01731","N","","","","","","","","N","1"
"2019045901","U","U","U","U","U","U","9","U","U","99999","N","","","","","","","","N","1"
"2019097598","N","Y","Y","Y","N","N","0","Y","N","01450","N","","","","","","","","N","1"
"2019045919","Y","U","U","U","","","0","Y","Y","01340","N","","","","","","","","N","2"
"2019114479","U","U","U","Y","U","U","9","Y","Y","00000","N","","","","","","","","N","1"
"2019055070","N","N","U","U","N","N","0","Y","U","00636","N","","","","","","","","N","1"
"2019039192","Y","U","Y","Y","N","U","0","Y","Y","99999","Y","U","Y","U","Y","1","Y","Y","N","1"
"2019074681","","","","","","","","","","","","","","","","","","","","2"
"2019057654","N","N","Y","Y","N","N","0","Y","Y","00150","N","","","","","","","","N","2"
"2019069542","N","U","N","U","U","U","9","U","N","01300","N","","","","","","","","N","1"
"2019069487","N","Y","U","U","N","N","0","U","N","01690","N","","","","","","","","N","1"
"2019107780","N","U","U","Y","U","Y","1","Y","Y","01450","N","","","","","","","","N","2"
"2019100890","U","U","U","Y","U","U","9","U","U","99999","N","","","","","","","","U","1"
"2019060990","U","U","U","U","U","U","9","U","U","99999","N","","","","","","","","N","1"
"2019023105","","","","","","","","","","","","","","","","","","","","1"
"2019069522","Y","U","U","Y","U","Y","3","Y","N","10000","N","","","","","","","","N","1"
"2019047765","N","Y","N","Y","N","N","0","Y","N","01200","Y","Y","Y","U","Y","2","Y","N","N","2"
"2019089886","N","N","N","Y","Y","N","1","Y","Y","00650","N","","","","","","","","N","1"
"2019086838","","","","","","","","","","","","","","","","","","","","2"
"2019040509","N","Y","Y","Y","U","Y","1","Y","Y","00398","N","","","","","","","","N","1"
"2019072752","N","N","U","Y","Y","Y","1","N","N","01000","N","","","","","","","","N","1"
"2019083505","U","U","U","U","U","U","9","U","U","99999","U","","","","","","","","U","3"
"2019126694","N","U","N","U","N","N","0","Y","Y","99999","N","","","","","","","","N","2"
"2019034877","Y","Y","U","Y","Y","Y","2","Y","Y","01584","N","","","","","","","","N","1"
"2019097622","U","Y","U","U","N","N","0","Y","N","01450","N","","","","","","","","N","1"
"2019095589","Y","Y","U","Y","","","0","Y","N","01750","Y","Y","Y","Y","Y","3","Y","Y","N","2"
"2019050347","U","U","U","U","U","U","9","U","U","99999","N","","","","","","","","N","1"
"2019083698","N","N","N","Y","N","N","0","N","N","00883","N","","","","","","","","N","2"
"2019098756","Y","U","U","U","U","Y","2","Y","Y","01450","N","","","","","","","","N","1"
"2019051031","","","","","","","","","","","","","","","","","","","","1"
"2019095995","N","U","U","U","U","U","9","U","U","01700","N","","","","","","","","N","1"
"2019076448","N","N","N","N","N","N","0","Y","N","01200","N","","","","","","","","N","1"
"2019081828","N","N","U","Y","Y","Y","1","Y","N","00675","N","","","","","","","","N","2"
"2019037430","N","U","U","N","Y","U","1","Y","Y","00600","N","","","","","","","","N","1"
"2019078332","Y","Y","U","Y","Y","Y","2","Y","N","15000","N","","","","","","","","N","1"
"2019121733","Y","U","U","N","N","N","0","Y","Y","00850","N","","","","","","","","N","2"
"2019058854","U","U","U","U","U","U","9","U","U","99999","N","","","","","","","","N","1"
"2019060637","","","","","","","","","","","","","","","","","","","","1"
"2019090239","U","U","U","U","U","U","9","U","U","99999","N","","","","","","","","N","1"
"2019070920","Y","Y","Y","Y","N","N","0","Y","Y","00650","N","","","","","","","","N","1"
"2019047792","Y","Y","U","Y","N","N","0","Y","Y","01900","N","","","","","","","","N","2"
"2019055949","U","U","U","U","U","U","9","U","U","99999","N","","","","","","","","N","1"
"2019102285","Y","U","Y","Y","U","Y","1","Y","Y","99999","N","","","","","","","","N","1"
"2019094084","N","Y","U","Y","U","Y","1","Y","U","01400","N","","","","","","","","N","1"
"2019031475","N","Y","N","Y","Y","Y","1","Y","Y","00823","N","","","","","","","","N","1"
"2019066533","N","N","N","Y","U","U","1","Y","N","00600","N","","","","","","","","N","1"
"2019088144","N","Y","N","Y","Y","Y","1","Y","Y","00600","N","","","","","","","","Y","1"
"2019066769","N","Y","U","Y","Y","Y","1","Y","Y","00750","N","","","","","","","","N","1"
"2019079790","Y","Y","Y","Y","N","N","0","Y","N","01340","N","","","","","","","","N","2"
"2019094082","N","Y","Y","Y","N","N","0","Y","Y","00200","N","","","","","","","","N","1"
"2019090439","U","U","U","U","U","U","9","U","U","99999","N","","","","","","","","U","1"
"2019075704","Y","N","Y","Y","N","Y","1","N","Y","00120","N","","","","","","","","N","1"
"2019054042","N","U","U","Y","Y","Y","1","Y","N","00600","Y","N","Y","Y","Y","1","N","N","N","2"
"2019062891","U","U","U","U","U","U","9","U","U","99999","Y","U","U","U","U","9","U","U","U","2"
"2019037124","Y","Y","N","Y","Y","Y","3","Y","Y","01800","N","","","","","","","","N","1"
"2019074977","N","Y","N","Y","N","N","0","Y","N","01688","N","","","","","","","","N","2"
"2019087223","N","U","U","U","N","N","0","Y","U","01200","N","","","","","","","","N","1"
"2019099123","","","","","","","","","","","","","","","","","","","","1"
"2019036850","","","","","","","","","","","","","","","","","","","","2"
"2019078189","N","N","U","Y","N","N","0","Y","N","01200","N","","","","","","","","N","1"
"2019072666","","","","","","","","","","","","","","","","","","","","1"
"2019015303","","","","","","","","","","","","","","","","","","","","2"
"2019082842","Y","U","Y","N","N","N","0","Y","N","00883","N","","","","","","","","N","2"
"2019067381","U","U","U","U","U","U","9","U","U","99999","N","","","","","","","","N","1"
"2019047824","N","U","N","Y","N","N","0","Y","Y","01130","Y","N","Y","N","N","0","N","Y","N","1"
"2019078203","Y","Y","U","Y","U","Y","3","Y","Y","01450","N","","","","","","","","N","2"
"2019077530","Y","U","U","N","N","N","0","U","N","01450","N","","","","","","","","N","2"
"2019065957","U","N","N","U","Y","U","1","Y","N","00599","N","","","","","","","","N","1"
"2019109822","U","U","Y","N","N","N","0","U","U","00900","N","","","","","","","","N","2"
"2019064627","Y","Y","Y","Y","Y","Y","3","Y","N","01300","N","","","","","","","","N","1"
"2020021270","N","U","U","Y","Y","Y","9","Y","Y","00448","N","","","","","","","","N","2"
"2019095245","Y","U","U","Y","N","N","0","Y","Y","00107","N","","","","","","","","N","1"
"2019075434","","","","","","","","","","","","","","","","","","","","1"
"2019076008","","","","","","","","","","","","","","","","","","","","1"
"2019133400","","","","","","","","","","","","","","","","","","","","1"
"2019077946","N","Y","U","Y","Y","Y","1","Y","N","00500","N","","","","","","","","N","1"
"2019081686","Y","N","Y","N","N","N","0","N","N","00250","N","","","","","","","","N","1"
"2019081742","Y","U","Y","Y","N","N","0","Y","N","01200","N","","","","","","","","N","1"
"2019060025","U","U","U","U","U","U","9","U","U","00650","N","","","","","","","","U","2"
"2019060053","N","Y","U","Y","","","0","Y","N","01300","N","","","","","","","","N","2"
"2019086584","Y","U","U","Y","Y","Y","3","Y","N","01450","N","","","","","","","","N","1"
"2019084618","","","","","","","","","","","","","","","","","","","","1"
"2019041417","N","U","U","U","U","U","9","U","U","01000","N","","","","","","","","N","1"
"2019125616","Y","Y","U","Y","N","N","0","Y","Y","01500","N","","","","","","","","N","1"
"2019091382","U","N","Y","N","N","N","0","Y","N","00500","N","","","","","","","","N","2"
"2019056140","N","U","Y","Y","U","Y","1","Y","N","00650","N","","","","","","","","N","1"
"2019058230","U","U","U","U","U","U","9","U","U","99999","N","","","","","","","","N","2"
"2019087930","","","","","","","","","","","","","","","","","","","","3"
"2019087163","N","U","U","U","U","U","9","U","U","00805","N","","","","","","","","N","1"
"2019063832","N","N","N","Y","Y","Y","1","Y","Y","01000","N","","","","","","","","N","1"
"2019041732","","","","","","","","","","","","","","","","","","","","2"
"2019109108","U","U","Y","N","U","U","9","U","U","01150","N","","","","","","","","N","2"
"2019041156","N","U","N","Y","N","N","0","Y","Y","01573","N","","","","","","","","N","1"
"2019109274","Y","U","U","N","U","Y","3","Y","Y","01584","N","","","","","","","","N","1"
"2019082214","N","U","U","Y","U","U","1","Y","Y","14400","N","","","","","","","","N","1"
"2019094103","Y","Y","Y","N","N","N","0","Y","N","00088","N","","","","","","","","N","2"
"2019067353","","","","","","","","","","","","","","","","","","","","2"
"2019097572","Y","Y","N","N","N","N","0","Y","Y","01200","N","","","","","","","","N","1"
"2019100168","U","U","U","N","N","N","0","U","U","99999","N","","","","","","","","U","2"
"2019100168","U","U","U","N","N","N","0","U","U","99999","Y","U","N","N","N","0","U","U","U","1"
"2019068923","N","N","U","U","U","Y","1","Y","N","00954","N","","","","","","","","N","1"
"2019049907","Y","U","Y","N","N","N","0","Y","U","10000","N","","","","","","","","N","1"
"2019036552","Y","Y","Y","Y","Y","Y","1","Y","Y","01300","N","","","","","","","","N","1"
"2019060890","U","U","U","U","U","U","9","U","U","99999","N","","","","","","","","N","1"
"2019103297","U","U","U","N","U","U","9","U","U","01200","N","","","","","","","","N","2"
"2019096210","Y","Y","Y","Y","Y","Y","2","Y","N","01690","N","","","","","","","","N","2"
"2019052463","","","","","","","","","","","","","","","","","","","","2"
"2019045043","N","N","U","N","Y","N","1","Y","Y","00600","N","","","","","","","","N","2"
"2019065297","U","U","U","U","U","U","9","U","U","99999","N","","","","","","","","N","2"
"2019078060","Y","U","Y","Y","Y","Y","1","Y","Y","00000","N","","","","","","","","N","2"
"2019112580","","","","","","","","","","","","","","","","","","","","1"
"2019071673","Y","Y","N","Y","N","N","0","N","N","01442","Y","N","U","N","N","0","N","N","N","2"
"2019071137","Y","Y","U","Y","Y","Y","2","Y","Y","01811","N","","","","","","","","N","2"
"2019088674","Y","Y","U","U","U","Y","1","Y","N","01600","N","","","","","","","","N","2"
"2019104156","Y","Y","U","U","U","Y","3","Y","Y","00110","N","","","","","","","","N","2"
"2019054994","N","N","U","Y","U","Y","1","N","N","00490","N","","","","","","","","N","1"
"2019100204","Y","U","N","Y","N","N","0","Y","U","01000","N","","","","","","","","N","1"
"2019105945","","","","","","","","","","","","","","","","","","","","2"
"2019078845","U","U","U","U","U","U","3","Y","Y","01200","N","","","","","","","","N","1"
"2019085799","N","U","N","Y","U","Y","1","U","N","00645","N","","","","","","","","N","1"
"2019068746","","","","","","","","","","","","","","","","","","","","2"
"2019116203","","","","","","","","","","","","","","","","","","","","2"
"2019100370","Y","U","N","U","U","Y","2","Y","Y","55555","N","","","","","","","","N","1"
"2019067507","Y","N","Y","U","N","N","0","N","N","11820","N","","","","","","","","N","1"
"2019074519","N","N","N","Y","N","N","0","N","N","01300","N","","","","","","","","N","1"
"2019092981","","","","","","","","","","","","","","","","","","","","2"
