"CRN","AXLE_CNT","CARGO_BD_TYPE","CARRIER_ADDR_1","CARRIER_ADDR_2","CARRIER_ADDR_CITY","CARRIER_ADDR_STATE","CARRIER_ADDR_ZIP","CARRIER_NM","CARRIER_TEL","GVWR","HAZMAT_CD1","HAZMAT_CD2","HAZMAT_CD3","HAZMAT_CD4","HAZMAT_IND","HAZMAT_REL_IND1","HAZMAT_REL_IND2","HAZMAT_REL_IND3","HAZMAT_REL_IND4","ICC_NUM","OSIZE_LOAD_IND","PERMITTED","PUC_NUM","SPECIAL_SIZING1","SPECIAL_SIZING2","SPECIAL_SIZING3","SPECIAL_SIZING4","TYPE_OF_CARRIER","UNIT_NUM","USDOT_NUM","VEH_CONFIG_CD"
"2020010551","02","8","2235 BEAVER AVE","","PITTSBURGH","PA","15233","PORT AUTHORITY OF ALLEGHENY COUN","4124422000","","","","","","N","","","","","","N","","9999999999","","","","","","2","","13"
"2020091289","02","99","951 BANKSVILLE RD","","PITTSBURGH","PA","15216","COFFEY CONTRACTING CO","4123411127","004522","","","","","N","","","","","","N","","","","","","","","2","00001603","02"
"2020046916","02","0","9416 DOCTOR PERRY RD","","IJAMSVILLE","MD","21751","DECISIVE COMMUNICATION","9999999999","","","","","","N","","","","","","","","999999999","","","","","","1","99999999","02"
"2020046916","02","0","109 DARK HOLLOW DR","","OAKMONT","PA","15139","FOLINO CONSTRUCTION","9999999999","","","","","","N","","","","","","N","","99999999","","","","","","2","99999999","02"
"2020078235","02","1","410 TERRY AVENUE N","","SEATTLE","WA","981095210","AMAZON","2062661000","999999","","","","","N","","","","","","N","","","","","","","","1","02881058","00"
"2020090575","02","1","3447E CARSON ST","","PITTSBURGH","PA","15203","MATCON DIAMOND INC","4124810280","026000","","","","","N","","","","","","N","","","","","","","","1","01924791","02"
"2020004340","02","8","5374 WILLIAM FLYNN HIGHWAY","","GIBSONIA","PA","15044","MONARK STUDENT TRANSPORTATION","7248983563","999999","","","","","N","","","","","","N","","","","","","","","2","00856887","12"
"2020011437","02","99","2235 BEAVER AVE.","","PITTSBURGH","PA","15233","PORT AUTHORITY OF ALLEGHENY COUN","4125665214","026000","","","","","N","","","","","","N","","A-00976060","","","","","","2","","13"
"2020108976","05","1","106 SANTA BARBARA ROAD","","SMITHTON","PA","15479","JASON D JOHN","7242175249","080000","","","","","N","","","","","","N","","","","","","","","2","00038111","06"
"2020053700","18","1","436 SAINT JOHN ST APT#1","436 SAINT JOHN ST APT#1","PORTLAND","ME","04102","EAST WAY TRANSPORT","2076327093","","","","","","","","","","","","N","","473313180","","","","","","2","02586904","06"
"2020053891","02","99","2235 BEAVER AVE","","PITTSBURGH","PA","15233","PORT AUTHORITY OF ALLEGHENY","4124422000","","","","","","N","","","","","","N","","A-00976060","","","","","","2","","13"
"2020099328","03","7","111 CONNER LANE","","BELLE VERNON","PA","15012","COUNTY HAULING CORP","7249297694","999999","","","","","N","","","","","","N","","","","","","","","2","02572451","00"
"2020108472","02","1","2030 TIMBUK RD","","GRANVILLE","OH","43023","TIMBUK FARMS","6146220061","026000","","","","","N","","","","","","N","","","","","","","","1","01348371","03"
"2020002566","01","99","6200 ROLAND AVENUE","4670 SEYMOUR DRIVE MEDINA OH 4","CLEVELAND","OH","441271354","OLEG TRUCKING LLC","2167130331","080000","","","","","N","","","","","","","","","","","","","","2","01020015","08"
"2020109107","02","3","1558 MT PLEASANT CONNELL RD","","MOUNT PLEASANT","PA","15666","NATIONAL HYDROLICS, INC","7245479222","019500","","","","","N","","","","","","N","","","","","","","","2","01522868","03"
"2020060154","03","8","2235 BEAVER AVE","","PITTSBURGH","PA","15233","PORT AUTHORITY F ALLEGHENY COUNT","4122551385","026000","","","","","N","","","","","","N","","A-00976060","","","","","","2","","13"
"2020096448","02","1","1ST HANOVER ST.","","MARTINS FERRY","OH","43935","STONEY HOLLOW TIRE","7402961329","013500","","","","","N","","","","","","N","","","","","","","","1","00357136","03"
"2020031545","02","3","1211 PITT STREET","","WILKINSBURG","PA","15221","PEOPLES NATURAL GAS COMPANY","4122447151","010000","","","","","N","","","","","","N","","","","","","","","1","00216624","03"
"2020008991","02","0","18 E MCNUTT ST","","HOUSTON","PA","15432","RAYME HENDERSON","7243502107","","","","","","N","","","","","","N","","N/A","","","","","","1","00000N/A","00"
"2020018683","02","1","11171 PERRY HIGHWAY","","WEXFORD","PA","15090","EVENTIONEERS EVENT RENTAL LLC","4123250030","014000","","","","","N","","","","","","N","","","","","","","","1","02862612","03"
"2021001647","06","1","4747 MCLANE PARKWAY","","TEMPLE","TX","76504","MCLANE MFS FLEET INC","2547717424","080000","","","","","N","","","","","","N","","","","","","","","1","00917131","08"
"2020061420","99","0","2400 SAW MILL RUN BLVD","","PITTSBURGH","PA","15234","DR DRY INC","9999999999","011000","","","","","N","","","","","","N","","","","","","","","1","","02"
"2020061420","99","0","SAW MILL RUN BLVD","","PITTSBURGH","PA","15234","DR DRY INC","9999999999","011000","","","","","N","","","","","","N","","","","","","","","2","","02"
"2020066375","03","4","324 MAYFIELD AVE","","PITTSBURGH","PA","15601","MAYO TRUCKING","4122238585","073280","","","","","N","","","","","","N","","","","","","","","1","03162944","04"
"2020000617","05","3","P.O. BOX 795","","VANDERBILT","PA","154860795","DALE ASKEY","7246207124","","","","","","N","","","","","","","","","","","","","","2","03218194","06"
"2020025726","02","8","405 KEYSTONE DRIVE","","WARRENDALE","PA","16066","UPMC","4123026055","017500","","","","","N","","","","","","N","","","","","","","","1","02210798","10"
"2020087589","02","4","8911 OXON HILL ROAD","","FORT WASHINGTON","MD","207444704","DENISON LANDSCAPING","3015670210","026000","","","","","N","","","","","","N","","","","","","","","1","00427058","06"
"2020046046","05","1","6010 S NEW ENGLAND AVE","","CHICAGO","IL","60638","SV GROUP INC","7089450911","050000","","","","","N","","","","","","N","","KYU349968","","","","","","1","02455252","08"
"2020089880","01","1","714 EKASTOWN RD","","SARVER","PA","160559724","ACB TRANSIT INC","4128214000","000000","","","","","N","","","","","","N","","","","","","","","2","00000511","02"
"2021000851","99","7","123 UNKNOWN","","UNKNOWN","ZZ","99999","UNKNOWN","9999999999","999999","","","","","","","","","","","N","","","","","","","","2","99999999","99"
"2020008780","02","1","1 JOHN STREET","","MCKEES ROCKS","PA","15136","RED DIAMOND TRUCKING","4127788877","026000","","","","","N","","","","","","N","","","","","","","","2","01738977","03"
"2020037359","02","0","415 REBECCA STREET","","MCKEESPORT","PA","15132","SUN COACH LINES LLC","4128724936","000000","","","","","N","","","","","","N","","000000","","","","","","3","00000000","12"
"2020019389","02","8","400 HILLVUE LANE","","PITTSBURGH","PA","15237","NORTH ALLEGHENY SCHOOL DISTRICT","4123662100","","","","","","N","","","","","","","","","","","","","","2","01126131","12"
"2020077883","99","0","309 OLD CLAIRTON RD","","JEFFERSON HILLS","PA","15025","JOHN MCCANN","9999999999","014000","","","","","N","","","","","","N","","","","","","","","2","","02"
"2020089478","03","1","940 HIGH ST.,","","WORTHINGTON","OH","43085","FED EX","8665682233","080000","","","","","N","","","","","","N","","","","","","","","1","00265752","08"
"2020025620","02","0","714 EKASTOWN RD","","SARVER","PA","16055","ABC TRANSIT INC","4128289000","","","","","","N","","","","","","N","","","","","","","","1","","15"
"2020067316","05","99","195 GREENPOND ROAD","","ROCKAWAY","NJ","07866","IDS EXPRESS","8622219992","000999","","","","","N","","","","","","N","","","","","","","","2","02165823","08"
"2020006567","03","0","350 N ST. PAUL ST","","DALLAS","TX","75201","GREYHOUND LINES INC","2148498966","053000","","","","","N","","","","","","N","","","","","","","","2","00044110","13"
"2020051891","02","1","111 W JACKSON BLVD","","CHICAGO","IL","60604","DANIELS SHARPSMART INC","7347650423","026000","","","","","N","","","","","","N","","","","","","","","1","01295076","03"
"2020078966","99","0","311 N CRAIG ST #313","","PITTSBURGH","PA","15213","CRAIG DISTRIBUTING CO","9999999999","013200","","","","","N","","","","","","N","","","","","","","","3","","02"
"2020090618","02","1","1165 SANCTUARY PARKWAY","","ALPHARETTA","GA","30009","LEASE PLAN USA LT","4126649346","007200","","","","","N","","","","","","N","","","","","","","","2","00031410","03"
"2020108445","05","1","8712 MILL GROVE RD","","INDIAN TRAIL","NC","28079","10-4 LOGISTICS LLC","7042229028","080000","","","","","N","","","","","","N","","","","","","","","1","02879288","08"
"2020072185","02","8","KEYSTONE COMMONS","","PITTSBURGH","PA","15112","PRN TRANSIT SERVICE INC","9999999999","999999","","","","","N","","","","","","N","","","","","","","","1","","15"
"2020050202","05","3","126 N JEFFERSON ST","","KITTANNING","PA","16201","NORTHERN HOT SHOT SERVICES LLC","7245451032","080000","","","","","N","","","","","","N","","","","","","","","1","02299617","08"
"2020004276","02","99","4200 INDUSTRIAL BLVD","","ALIQUIPPA","PA","15001","PGT TRUCKING INC","7247283500","080000","","","","","N","","","","","","N","","","","","","","","1","00192897","06"
"2020001270","02","6","1825 LIVERPOOL ST","","PITTSBURGH","PA","15233","THE YELLOW CAB CO OF PGH","4123218100","","","","","","N","","","","","","N","","A49926","","","","","","2","00000246","02"
"2020041575","02","3","338 CONCORDE CHURCH ROAD","","BEAVER FALLS","PA","15010","M AND M AUTO AND TRUCK REPAIR","7249872302","026000","","","","","N","","","","","","N","","991713","","","","","","3","02935251","03"
"2020112422","05","1","2746 SUN MINE RD","","TARENTUM","PA","15084","D&D AUTO SALVAGE","7242261227","080000","","","","","N","","","","","","N","","","","","","","","2","00570592","08"
"2020018001","02","0","160 S RT 174N","","PARAMUS","NJ","07652","COACH LEASING INC","4123219822","","","","","","N","","","","","","U","","","","","","","","1","12345678","12"
"2020084443","03","99","2809 RALSTON ST","","GARY","IN","46406","ACA TRUCKING PARTNERS INC","2195001005","080000","","","","","N","","","","","","N","","","","","","","","1","02965421","08"
"2020084443","99","99","102 OSCAR WAY","","CHESTER SPRGS","PA","19425","J TECH HIGHWAY SAFETY","6104584334","025999","","","","","N","","","","","","N","","","","","","","","2","01240710","99"
"2020108918","09","1","2824 29TH AVE NE","","NAPLES","FL","34120","KEKE EXPRESS LLC","2395378364","080000","","","","","N","","","","","","N","","","","","","","","1","03495797","08"
"2020085348","04","0","600 MILLERS LN","","PITTSBURGH","PA","15239","JOHN'S TREE SERVICE","4123774641","19,500","","","","","N","","","","","","N","","","","","","","","2","03299816","06"
"2020034239","","0","2301 JEFFERSON AVE #9","","WASHINGTON","PA","15301","VELTRI TRUCKING","7242289381","","","","","","N","","","","","","N","","","","","","","","1","01077151","08"
"2020016216","05","1","UNK","","UNK","ZZ","99999","UNK","9999999999","","","","","","N","","","","","","N","","","","","","","","5","99999999","08"
"2020060654","03","3","1881 ROUTE 46","","LEDGEWOOD","NJ","07852","HW FARREN LLC TRUCKING AND RIGGI","8624325879","080000","","","","","N","","","","","","N","","","","","","","","2","02390017","06"
"2020068712","99","99","PO BOX 791","","READING","PA","19603","PENSKE LEASING AND RENTAL CO","9999999999","025999","","","","","","","","","","","N","","","","","","","","2","","99"
"2020012371","02","4","164 RICHMORE DR","","VERONA","PA","15147","VIOLANDO MECHANICAL LLC","4126097882","007000","","","","","N","","","","","","N","","0000","","","","","","1","","03"
"2020004287","03","1","1294 MAXWELL AVE","","EVANSVILLE","IN","47711","CENTRAL TRANSPORT LLC","5869397000","080000","","","","","N","","","","","","N","","N/A","","","","","","1","00661173","08"
"2020063890","03","7","1107 THOMPSON  AVE","","MCKEES ROCKS","PA","15136","BOYD CO ROLL OFF SERVICES INC","4123316830","080000","","","","","N","","","","","","N","","","","","","","","1","00807021","08"
"2020020657","02","99","350 N ST PAUL STREET","","DALLAS","TX","75201","GREYHOUND","3479631394","","","","","","N","","","","","","N","","12345678","","","","","","1","","14"
"2021001029","02","4","1401 GREENSBURG AVE","","N.VERSAILLES","PA","15137","NORTH VERSAILLES TWP","4128241102","019500","","","","","N","","","","","","Y","","","","","","","","2","","03"
"2020027485","05","1","1901 S ACADEMY ST","","STOUGHTON","WI","53589","STOUGHTON TRUCKING","8006352158","080000","","","","","N","","","","","","N","","","","","","","","2","00147887","08"
"2020064449","02","4","595 PITTSBURGH ROAD","","BUTLER","PA","16002","FRANK J. ZOTTOLA CONSTRUCTION IN","7243528819","025950","","","","","N","","","","","","U","","","","","","","","2","02088033","05"
"2020003301","02","0","2235 BEAVER AVE","","PITTSBURGH","PA","15233","PORT AUTHORITY OF ALLEGHENY CO","4124422000","","","","","","N","","","","","","N","","A-00976060","","","","","","1","","13"
"2020001627","02","0","1101 1ST STREET","","HARRISBURG","PA","17104","PENNDOT","4122929309","999999","","","","","N","","","","","","N","","","","","","","","2","","00"
"2020048168","01","1","2727 N CENTRAL AVENUE","","PHOENIX","AZ","85036","UHAUL CO OR ARIZONA","9999999999","014500","","","","","N","","","","","","N","","UNKNOWN","","","","","","1","99999999","05"
"2020048168","03","1","11690 NW 105 STREET","","MIAMI","FL","33178","RYDER TRUCK RENTAL INC","4433678214","080000","","","","","N","","","","","","N","","","","","","","","2","00244931","08"
"2020073726","02","8","2235 BEAVER AVE","","PITTSBURGH","PA","15223","PORT AUTHORITY OF ALLEGHENY","4122551385","026000","","","","","N","","","","","","N","","A-00976060","","","","","","2","","13"
"2020069896","03","99","1200 BUTLER RD","","FREEPORT","PA","16229","FREEPORT TRANSPORT","7242952181","019380","","","","","N","","","","","","N","","","","","","","","1","00008553","99"
"2020030179","02","0","2806 BROADWAY BLVD","","MONROEVILLE","PA","15146","ANGELO'S TOWING","4124398468","999999","","","","","N","","","","","","U","","","","","","","","1","03213866","00"
"2020086303","99","99","2740 MAYFAIR AVE","","SPRINGFIELD","MO","65803","NEW PRIME INC","9999999999","999999","","","","","","","","","","","N","","","","","","","","1","","99"
"2020094285","04","4","2255 ROUTE 217 SOUTH","","BLAIRSVILLE","PA","157179107","TAYLOR SERVICES INC","7244598901","073280","","","","","N","","","","","","N","","","","","","","","2","00120871","04"
"2020111032","02","1","4310 E 96TH STREET","","INDIANAPOLIS","IN","46240","ENTERPRISE LEASING COMPANY OF IN","3178489344","026950","","","","","N","","","","","","N","","","","","","","","2","01704957","03"
"2020101894","02","8","2235 BEAVER AVE","","PITTSBURGH","PA","15233","PORT AUTHORITY OF ALLEGHENY COUN","4124422000","999999","","","","","N","","","","","","N","","A-00976060","","","","","","2","","12"
"2020048163","02","1","132 LAKEVIEW DRIVE","","MCMURRAY","PA","15317","KAIZEN TRANSPORT LLC","4124952321","","","","","","N","","","","","","N","","","","","","","","2","02553562","03"
"2020090305","04","4","4268 NORTHERN PIKE","","MONROEVILLE","PA","15146","ALLEGHENY COMMUNITY CARE LLC","4123772879","073280","","","","","N","","","","","","N","","2019301456","","","","","","1","03327397","04"
"2020071507","99","0","401 WASHINGTON ST","","LIGONIER","PA","15658","SOUTHWESTERN LANDSCAPING LLC","9999999999","010001","","","","","","","","","","","N","","","","","","","","2","","02"
"2020024091","05","3","666 GRAND AVE","","DES MOINES","IA","50309","RUAN TRANSPORT","8006783210","999999","","","","","N","","","","","","N","","","","","","","","1","00055787","08"
"2020024091","05","1","1916 EAST 29TH ST.","","MARSHFIELD","WI","54449","ROEHL TRANSPORT","8883561140","999999","","","","","N","","","","","","N","","","","","","","","2","00698493","08"
"2020106415","02","3","316 W. GRANT AVE.","","DUQUESNE","PA","15110","LUNA TOWING AND RECOVERY","4124668866","019500","","","","","N","","","","","","N","","","","","","","","2","01694962","03"
"2020092935","02","0","2235 BEAVER AVE","","PITTSBURGH","PA","15223","PORT AUTHORITY OF PITTSBURGH","4124422000","","","","","","N","","","","","","N","","A-00976060","","","","","","2","","13"
"2020052226","02","3","4383 GIBSONIA RD","","GIBSONIA","PA","15044","ALLISON PARK CONTRACTORS","7244437700","026500","","","","","N","","","","","","N","","","","","","","","2","01586241","03"
"2020064633","04","2","410 FRYE FARM RD","","GREENSBURG","PA","15601","A & J HAULING LLC","7244931669","073280","","","","","N","","","","","","N","","","","","","","","2","01898156","09"
"2020056116","03","2","100 ATLANTIC AVENUE","","MCKEESPORT","PA","15132","PENNSYLVANIA AMERICAN WATER CO.","4126647051","","","","","","N","","","","","","N","","17474","","","","","","1","00109834","04"
"2020006881","05","3","2737 COPPER FORK ROAD","","SANDYVILLE","WV","25275","BLACKSHIRE TRUCKING","3045129314","080000","","","","","N","","","","","","N","","","","","","","","1","00113676","08"
"2020050194","05","1","6343 W. WAVELAND AVE","","CHICAGO","IL","60634","2HLOGISTICS","6166174702","000000","","","","","N","","","","","","N","","","","","","","","1","03297599","06"
"2020072325","99","99","1902 WEST ST","","MUNHALL","PA","15120","MUNHALL PREHOSPITAL SERVICES","9999999999","014001","","","","","N","","","","","","N","","","","","","","","2","","99"
"2020026516","03","3","606 MCCORMICK AVE","","CONNELLSVILLE","PA","15425-2733","STONE AND COMPANY INC","7248361400","073280","","","","","N","","","","","","N","","A-00115059","","","","","","1","00896842","04"
"2020092893","03","99","290 BILMAR DR FL 3RD","","PITTSBURGH","PA","15205","EUROVIA ATLANTIC COAST LLC","3122874224","026000","","","","","N","","","","","","N","","","","","","","","2","03201032","04"
"2020107702","04","4","4179 WILLIAM FLINN HWY","","ALLISON PARK","PA","15101","DONALD BEYERL","4124865565","060000","","","","","N","","","","","","N","","","","","","","","2","00295676","04"
"2020069597","04","7","111 CONNER LANE","","ROSTRAVER","PA","15143","WESTMORELAND SANITATION LANDFILL","7249297694","006600","","","","","N","","","","","","N","","","","","","","","1","02572451","04"
"2020067518","02","6","6139 6TH AVE","","ALTOONA","PA","16602","ALTOONA AUTO INC","8142400966","012000","","","","","N","","","","","","N","","","","","","","","1","03335570","08"
"2020084699","02","1","10 CHURCH ST","PO BOX 307","WHEATLAND","PA","16161","AIM NATIONALEASE","8003219038","025999","","","","","N","","","","","","N","","","","","","","","2","00877115","02"
"2020069897","03","0","200 BRADDOCK AVE","","TURTLE CREEK","PA","15145","HOLTEC MANUFACTURING","4128233773","","","","","","N","","","","","","N","","","","","","","","1","00595319","04"
"2020070856","05","3","727 ARONA RD","","NEW STANTON","PA","15672","ROCKY MOUNTAIN GARAGE INC","7249259675","080000","","","","","N","","","","","","N","","","","","","","","1","01600660","08"
"2020044056","02","0","2235 BEAVER AVENUE","","PITTSBURGH","PA","15233","PORT AUTHORITY","4124422000","","","","","","N","","","","","","N","","A-00976060","","","","","","2","","13"
"2020042972","04","3","7231 NOBLESTOWN RD","","OAKDALE","PA","15071","JT LANDSCAPING LLC","7246932793","014295","","","","","N","","","","","","N","","","","","","","","1","02315802","06"
"2020037946","02","1","2675 MORGANTOWN RD","","READING","PA","19607","PENSKE TRUCK LEASING CO LP","6103207103","033000","","","","","N","","","","","","N","","","","","","","","1","00092997","03"
"2020021321","08","7","73 NOBLESTOWN RD","","CARNEGIE","PA","15106","BFI  WAST SERVICES OF PA LLC","8008536155","073280","","","","","N","","","","","","N","","","","","","","","2","00960505","05"
"2020013593","05","1","1514 S MERIDIAN ROAD","","YOUNGSTOWN","OH","44511","STANISLAV VLAICI","3302596063","080000","","","","","N","","","","","","N","","","","","","","","1","00125674","08"
"2020051143","02","3","121 BRICKYARD RD","","MARS","PA","16046","TRI COUNTY INDUSTTRIES INC DBA","9999999999","058400","","","","","N","","","","","","N","","","","","","","","2","99999999","03"
"2020065473","04","1","306 CONNELLVILLE ST","","UNIONTOWN","PA","15401","EDWARD FIKE","9999999999","068000","","","","","N","","","","","","U","","","","","","","","2","","06"
"2020021946","02","8","4242 WILLIAM FLYNN HIGHWAY","","ALLISION PARK","PA","15101","ABC TRANSIT INC","4128215139","999999","","","","","","","","","","","N","","","","","","","","2","","12"
"2020029241","02","8","345 SIXTH AVE","3RD FLOOR","PITTSBURGH","PA","15222","PORT AUTHORITY OF ALLEGHENY","4124422000","999999","","","","","N","","","","","","N","","","","","","","","2","","13"
"2020109614","03","7","3001 RAILROAD STREET","","PITTSBURGH","PA","15201","CITY OF PITTSBURGH","4129222384","036000","","","","","N","","","","","","N","","","","","","","","2","99999999","99"
"2020026451","02","1","PO BOX 563","","READING","PA","19603","PENSKE TRUCK LEASING","6103207103","","","","","","N","","","","","","N","","","","","","","","2","00327574","03"
"2020054099","07","99","19 EAST DUDLEY TOWN ROAD","","BLOOMFIELD","CT","06002","CLOUD TRANSPORT LLC","8605182400","","","","","","N","","","","","","N","","1008495","","","","","","1","03221910","06"
"2020090212","05","1","14507 FRONTIER RD","","OMAHA","NE","68138","WERNER ENTERPRISES INC","8777830018","080000","","","","","N","","","","","","N","","","","","","","","1","00053467","08"
"2020028389","01","0","5246 LYTLE ST","","PITTSBURGH","PA","15207","STICKLES TOWING","4129693938","","","","","","N","","","","","","N","","","","","","","","2","02323392","05"
"2020044296","02","0","345 6TH AVE","","PITTSBURGH","PA","15222","PORT AUTHORITY OF ALLEGHENY COUN","4122551385","","","","","","N","","","","","","N","","A-00976060","","","","","","2","","13"
"2020071880","99","99","1387 FREY RD","","PITTSBURGH","PA","15235","RONALD CALFO DBA","9999999999","026000","","","","","","","","","","","N","","","","","","","","1","","99"
"2020046430","02","1","10 BEAVER ST","","AMBRIDGE","PA","15003","ELITE AUTO SERVICES OF PENNSYLVA","4124438889","019500","","","","","N","","","","","","","","","","","","","","4","03344856","03"
"2020109652","02","1","4121 CAMPBELLS RUN ROAD","","PITTSBURGH","PA","15205","SUEHR CARGO INC.","4122790896","025999","","","","","N","","","","","","N","","","","","","","","1","02818250","03"
"2020106472","99","8","13413 SR 422","","KITANNING","PA","16201","MYERS BROTHERS LLC","9999999999","999999","","","","","N","","","","","","N","","","","","","","","2","","12"
"2020067744","02","1","7458 ROLLING RIDGE WAY","","WESTERVILLE","OH","43082","A.A.SUPERIOR TRANSPORT&LOGISTICS","6147640121","012000","","","","","N","","","","","","N","","","","","","","","2","03001607","03"
"2020108671","02","4","515 MILLERS RUN RD","","MORGAN","PA","15064","SOUTH FAYETTE","4122218700","","","","","","","","","","","","","","","","","","","","2","","03"
"2020002231","03","0","3200 LENTO BLVD","","PITTSBURGH","PA","15102","J.A. COATES AND SONS","4128541700","080000","","","","","N","","","","","","Y","","A100411","","","","","","3","00296214","08"
"2020045882","02","2","899 BALDWIN RD","","PITTSBURGH","PA","15207","SAILOR EXCAVATION & PAVING","4124618611","021000","","","","","N","","","","","","N","","","","","","","","1","01659670","02"
"2020047931","02","1","2036 EAST WILLIAMS ROAD","","COLUMBUS","OH","43207","UNITED STATES CARGO AND COURIER","4124580071","","","","","","N","","","","","","N","","","","","","","","3","00219898","05"
"2020075641","99","8","301 CHURCH RD","","BETHEL PARK","PA","15102","BETHEL PARK SCHOOL DISTRICT","4128335000","","","","","","N","","","","","","N","","","","","","","","2","09999999","12"
"2020039028","03","4","211 INDIANA ST","211 INDIANA ST","SEWARD","PA","15954","M&C TRUCKING CO","8144464441","073280","","","","","N","","","","","","N","","100693","","","","","","1","00016351","04"
"2020051909","03","4","330 BETHLEHEM ROAD","330 BETHLEHEM ROAD","WINFIELD","TN","37892","JEFF CHITWOOD","4233196787","","","","","","N","","","","","","N","","MC836236","","","","","","1","02426740","04"
"2020005166","02","1","3700 E MORGAN AVE","","EVANSVILLE","IN","477152240","UNITED LEASING INC.","8126472046","","","","","","N","","","","","","N","","","","","","","","2","02276900","02"
"2020090533","02","1","3100 EAST CARSON","","PITTSBURGH","PA","15203","F.B. FUHRER WHLS. CO.","4124888844","080000","","","","","N","","","","","","N","","9999999999","","","","","","1","02066069","03"
"2020020674","05","3","7135 CENTENNIAL PLACE","","NASHVILLE","TN","37209","WESTERN EXPRESS INC","8003167160","999999","","","","","N","","","","","","N","","","","","","","","1","00029381","08"
"2020057008","02","1","1049 JEFFERSON RD","","PITTSBURGH","PA","15235","TURNER'S DAIRY FARM","8008921039","032000","","","","","N","","","","","","N","","","","","","","","2","00381686","03"
"2020015434","02","8","2235 BEAVER AVE.","","PITTSBURGH","PA","15233","PITTSBURGH PORT AUTHORITY","4124422000","041600","","","","","N","","","","","","N","","A-00A-0097","","","","","","2","","13"
"2020104385","02","1","747 E MANSFIELD AVE","747 E MANSFIELD AVE","PONTIAC","MI","48340","COSMINA EXPRESS INC","2488820347","999999","","","","","N","","","","","","N","","40579","","","","","","3","03033290","08"
"2020106599","03","3","801 MCNEILLY ROAD","","PITTSBURGH","PA","15226","MICHAEL FACCHIANO CONTRACTION","1111111111","","","","","","N","","","","","","","","","","","","","","2","02091728","06"
"2020092210","02","99","1201 PITT ST","","PITTSBURGH","PA","15221","PEOPLES NATURAL GAS COMPANY","9999999999","014000","","","","","N","","","","","","","","","","","","","","2","","03"
"2020039941","02","1","101 GREGG STREET","","MONONGAHELA","PA","15063","ASHCROFT CONSTRUCTION CO INC","7242585857","012000","","","","","N","","","","","","N","","2989157","","","","","","1","","03"
"2020014492","02","99","1300 MCKEAN","","CHARLEROI","PA","15022","MONESSAN AUTHORITY","7242438551","999999","","","","","","","","","","","N","","","","","","","","1","","14"
"2020093143","05","1","1569 INDUSTIAL PKWY","","AKRON","OH","44310","HOC TRANSPORT COMPANY","3306300100","080000","","","","","N","","","","","","N","","493316","","","","","","2","00302119","08"
"2020103925","03","7","73 WEST NOBLESTOWN ROAD","","CARNEGIE","PA","15106","BFI SERVICES","4127225475","","","","","","N","","","","","","U","","123455","","","","","","2","","04"
"2020060092","02","4","1927 UNIVERSAL ROAD","","PITTSBURGH","PA","15235","A STREET DUMPSTER RENTALS LLC","4127444211","023000","","","","","N","","","","","","N","","","","","","","","1","02964405","03"
"2020016685","05","3","14900 ACME ROAD","","SHAWNEE","OK","748049227","RANCO TRANSPORTAION INC.","4059979369","080000","","","","","N","","","","","","N","","","","","","","","1","00685789","08"
"2020067452","05","1","UNKNOWN","","UNKNOWN","ZZ","99999","99999","9999999999","080000","","","","","N","","","","","","N","","","","","","","","1","00999999","08"
"2020047498","04","4","1099 HERMAN ROAD","","BUTLER","PA","16002","AES SPECIALIZED SERVICES LLC","7244964568","073280","","","","","N","","","","","","N","","","","","","","","1","02119135","04"
"2020081367","04","5","1 43RD STREET","","PITTSBURGH","PA","15201","43RD STREET CONCRETE","4126824090","073280","","","","","N","","","","","","N","","","","","","","","2","02099631","04"
"2020028777","03","0","1535 WEBSTER ST","","GARY","IN","46406","UNIVERSAL TRUCK LOAD","8002510261","999999","","","","","N","","","","","","N","","","","","","","","3","00041208","08"
"2020081223","02","1","6802 PARAGON PLACE","SUITE 410","RICHMOND","VA","23220","ARAMARK","8002726275","999999","","","","","N","","","","","","N","","","","","","","","1","00221707","03"
"2020079038","02","8","2233 BEAVER AVENUE","","PITTSBURGH","PA","15233","PORT AUTHORITY","4124422000","999999","","","","","N","","","","","","N","","A-00976060","","","","","","1","","13"
"2020028903","02","1","4200 5TH AVE","","PITTSBURGH","PA","15260","UNIVERSITY OF PITTSBURGH OF THE","9999999999","015995","","","","","N","","","","","","N","","","","","","","","1","99999999","03"
"2020052195","05","1","14507 FRONTIER ROAD","","OMAHA","NE","69138","WERNER ENTERPRISES","8002282240","","","","","","N","","","","","","N","","7575-1","","","","","","1","00053467","08"
"2020073909","02","0","1820 N I 35","","GAINSVILLE","TX","76240","SELECT ENERGY SERVICES","9999999999","006700","","","","","N","","","","","","N","","","","","","","","1","01609544","09"
"2020112189","02","4","190 BILMAR DRIVE","","PITTSBURGH","PA","15205","MONGIOVI","7248846544","019000","","","","","N","","","","","","N","","A-00123456","","","","","","2","00866335","09"
"2020003432","05","99","300 SEABOARD LANE SUITE 2","","FRANKLIN","TN","37067","PASCHALL TRUCK LINES","8002257120","080000","","","","","N","","","","","","N","","HF-7542","","","","","","1","00105234","08"
"2020063002","99","0","276 GLENDALE RD","","HANCOCK","WV","26047","BRANDON FRIEND","9999999999","019500","","","","","","","","","","","N","","","","","","","","1","","02"
"2020112284","03","0","1624 CURRYVILLE ROAD","","MARTINSBURG","PA","16662","CURRY SUPPLY COMPANY","8147932829","999999","","","","","N","","","","","","N","","","","","","","","1","00792318","04"
"2020058025","04","7","121 BRICKYARD RD","","MARS","PA","16046","PENN WASTE","4127711000","058400","","","","","N","","","","","","N","","","","","","","","2","00208600","04"
"2020113410","02","1","965 EAST MIDLOTHIAN BLVD","","YOUNGSTOWN","OH","44502","SCHWEBELS BAKING COMPANY","3307832860","026000","","","","","N","","","","","","N","","","","","","","","1","00030226","03"
"2020044759","02","4","234 LANDFILL RD","","SCOTTDALE","PA","15683","GREENRIDGE RECLAMATION","7248879400","010800","","","","","N","","","","","","N","","252887","","","","","","1","00960505","03"
"2020069502","05","99","6115 SW LELAND AVE","","DEMOINES","IA","50321","TMC","8594083995","046000","","","","","N","","","","","","U","","","","","","","","1","00097409","08"
"2020059786","04","7","111 CONNER LANE","","ROSTRAVER","PA","15413","WESTMORELAND SANITARY LANDFILL L","7249297694","066000","","","","","N","","","","","","N","","","","","","","","1","02572451","04"
"2020086340","02","2","1807 SHENANGO ROAD","","NEW GALILEE","PA","16141","LINDY PAVING INC","4122051578","033000","","","","","N","","","","","","N","","","","","","","","1","00418111","03"
"2020073134","02","8","1112 1ST","","CLAIRTON","PA","15025","CARRIER MANAGEMENT CORPERATION","4123848810","999999","","","","","N","","","","","","N","","A-00121306","","","","","","2","","12"
"2020045502","03","0","1064 GOFFS FALLS RD","","MANCHESTER","NH","03103","BWE LLC","8602897800","055000","","","","","N","","","","","","N","","792","","","","","","1","00056868","04"
"2020088633","03","0","5320 WILLIAM FLINN HWY.","","GIBSONIA","PA","15044","UNIVERSAL WINDOWS DIRECT OF...","4123775491","","","","","","N","","","","","","N","","137482","","","","","","2","02778553","04"
"2020053447","03","3","115 W MCNUTT ST; HOUSTON,PA 15","","HOUSTON","PA","15342","AMITY ASPHALT PAVING COMPANY","4127450565","026001","","","","","N","","","","","","N","","9999","","","","","","1","01235707","00"
"2020007749","02","8","2235 BEAVER AVE","","PITTSBURGH","PA","15233","PORT AUTHORITY OF ALLEGHENY COUN","4125121234","999999","","","","","N","","","","","","N","","","","","","","","1","","13"
"2020070015","04","3","1853 HIGHWAY 315","","PITTSTON","PA","18640","B & D LEASING CORP (YOURGA)","8002451722","080000","","","","","N","","","","","","N","","","","","","","","1","00098069","04"
"2020048544","02","6","1519 HIGHLAND AVE","","GLENDALE HEIGHTS","IL","60139","GERMAN HAULING","7736274954","","","","","","N","","","","","","N","","","","","","","","1","03385309","06"
"2020088047","02","0","2235 BEAVER AVE.","","PITTSBURGH","PA","15233","PORT AUTHORITY OF ALLEGHENY CO.","4125665214","026000","","","","","N","","","","","","N","","A-00976060","","","","","","2","","13"
"2020060393","02","1","15301 CUMBERLAND RD","","FISHERS","IN","46038","TRANSPORTE INC","8004426414","065952","","","","","N","","","","","","N","","","","","","","","1","00745614","06"
"2020040744","05","1","1818 STIEBER STREET","","WESTLAND","MI","48186","BAAZ LOGISTICS","5597097442","080000","","","","","N","","","","","","N","","","","","","","","1","02983361","08"
"2020040744","05","3","374 CEDAR TREE COURT","","HOFFMAN ESTATES","IL","60169-1644","UE LINE INC","7739712827","080000","","","","","N","","","","","","N","","","","","","","","2","02790763","08"
"2020051410","05","1","1306 MAIN ST","","CRESCENT","PA","15046","GPB WASTE","7245612457","080000","","","","","N","","","","","","N","","","","","","","","2","03048989","08"
"2020025614","01","6","4100 ALLEQUIPPA ST.","","PITTSBURGH","PA","15219","VAHOSPITAL (OAKLAND)","4128222222","050000","","","","","","","","","","","N","","","","","","","","2","","14"
"2020104351","02","99","1010 SAW MILL RUN BOULEVARD","","PITTSBURGH","PA","15226","ADVANCE SIGN COMPANY","4124816990","033000","","","","","N","","","","","","N","","","","","","","","2","00065054","98"
"2020096131","05","3","119 ICMI RD STE 210","","DUNBAR","PA","15431","JLE INDUSTRIES LLC","4042810792","040000","","","","","N","","","","","","N","","","","","","","","1","02303143","06"
"2020033994","03","99","2327 BRODHEAD ROAD","","ALIQUIPPA","PA","15001","WONDER TRANSPORT","7243783780","019500","","","","","N","","","","","","N","","","","","","","","1","00432319","08"
"2020004058","02","1","1821 BEAVER AVE","","PITTSBURGH","PA","15233","UNITED PARCEL SERVICE","2152059914","","","","","","N","","","","","","N","","","","","","","","3","00021800","02"
"2020004764","02","4","255 ALPHA DR","","PITTSBURGH","PA","15238","FOX CHAPEL AUTHORITY","4129630212","016000","","","","","N","","","","","","N","","A-99999999","","","","","","2","","03"
"2020056440","03","3","10801 CORPORATE DR","","PLEASANT PRAIRIE","WI","53158","EQUIPMENT TRANSFER LLC","2625647164","080000","","","","","N","","","","","","N","","","","","","","","1","00435548","08"
"2020058887","03","1","501 SEMINOLE ST","","LESTER","PA","19029","ALL STATE CAREER","4128231818","052000","","","","","N","","","","","","N","","","","","","","","1","00402805","06"
"2021001565","02","2","3000 GRAND AVE","","PITTSBURGH","PA","15225","THE HOLDEN CORPORATION","4127716330","018000","","","","","N","","","","","","N","","","","","","","","2","00364088","02"
"2020051808","02","1","1011 SCALP AVE","","JOHNSTOWN","PA","15904","SCHWEBELS BREAD","4122576067","999999","","","","","N","","","","","","N","","","","","","","","2","00030226","02"
"2020051400","03","5","5 MAIN ST","","SMITHFIELD","PA","15478","MTS ENTERPRISES OF SMITHFIELD PA","8046613537","080000","","","","","N","","","","","","N","","","","","","","","2","02609173","09"
"2020061392","02","3","1440 RIDGE AVE","","BRADDOCK","PA","15104","K & K ROADSIDE SERVICES LLC","4127210065","018000","","","","","N","","","","","","N","","","","","","","","1","99999999","03"
"2020060993","02","4","4002 LORIGAN STREET","","PITTSBURGH","PA","15224","M O'HERRON COMPANY","4126836422","056000","","","","","N","","","","","","N","","","","","","","","2","02110229","03"
"2020069600","99","4","4002 LORIGAN ST","","PITTSBURGH","PA","15224","OHERRON M","4126836427","999999","","","","","N","","","","","","","","9999999999","","","","","","1","99999999","00"
"2020024088","04","4","17TH & ARSENAL BLVD","","HARRISBURGH","PA","17120","COMMONWEALTH OF PENNSYLVANIA","7177872838","058400","","","","","N","","","","","","N","","N/A","","","","","","2","","04"
"2020048186","03","1","100 SEMMES AVE","","RICHMOND","VA","23218","UPS GROUND FREIGHT INC","7242504200","020000","","","","","N","","","","","","N","","","","","","","","1","00121058","08"
"2020021746","03","99","1201 FREEDOM ROAD","","CRANBERRY","PA","16066","IRON MOUNTAIN","7247421360","033000","","","","","N","","","","","","N","","99999999","","","","","","1","00338113","04"
"2020094146","02","4","552 UNION AVE EXT","","PITTSBURGH","PA","15229","PERKINS TREE SERVICE LLC","9999999999","019000","","","","","","","","","","","N","","","","","","","","2","","03"
"2020019135","02","0","4244 MOUNT PLEASANT ST NW","","CANTON","OH","44720","AREA WIDE PROTECTIVE","3304952377","006000","","","","","N","","","","","","N","","","","","","","","1","00170285","02"
"2020019135","02","1","403 VIRGINIA DRIVE","","OAKDALE","PA","15071","WESTERN ALLEGHENY COUNTY MUNICIP","4127286099","010400","","","","","N","","","","","","N","","","","","","","","2","00000000","03"
"2020054876","05","1","7135 CENTENNIAL PLACE","","NASHVILLE","TN","37209","WESTERN EXPRESS INC","8003167160","","","","","","N","","","","","","","","","","","","","","1","00511412","08"
"2020066732","02","1","456 RIVERPORT DR.","","LEETSDALE","PA","15056","DYNACORN INTERNATIONAL LLC","8059878818","025900","","","","","N","","","","","","N","","","","","","","","1","02261620","03"
"2020067396","05","3","232 E.  LANCASTER RD","","HARMONY","PA","16037","IPC SERVICES","4126291035","080000","","","","","N","","","","","","N","","A8918621","","","","","","1","02182676","08"
"2020000971","03","99","414 GRANT STREET","","PITTSBURGH","PA","15219","PITTSBURGH PUBLIC WORKS","4126084813","","","","","","N","","","","","","","","PW530","","","","","","1","","04"
"2020060384","04","6","145 N KANSAS STREET","","EDWARDSVILLE","IL","62025","CASSENS TRANSPORT COMPANY","7243723627","80,000","","","","","N","","","","","","N","","","","","","","","2","00124358","08"
"2020067503","05","1","10720 EAST US HWY 84","","ASHFORD","AL","36312","ALABAMA MOTOR EXPRESS","8006337590","800000","","","","","N","","","","","","","","212184","","","","","","1","00325932","08"
"2020109437","02","4","1020 LEBANON ROAD","","WEST MIFFLIN","PA","15122","WEST MIFFLIN","4124668170","999999","","","","","N","","","","","","N","","","","","","","","1","","03"
"2020093750","03","0","2626 STRATHMORE LN","","BETHAL PARK","PA","15102","MIRACLE MOVERS","4123243496","","","","","","N","","","","","","N","","","","","","","","1","03334901","04"
"2020014803","02","1","345 SIXTH AVE","","PITTSBURGH","PA","15222","PORT AUTHORITY OF ALLEGHENY COUN","4124422000","014000","","","","","N","","","","","","N","","A-99999999","","","","","","2","","03"
"2020051147","02","1","3600 LIBRARY ROAD","","PITTSBURGH","PA","15234","CASTLE SHANNON VOLUNTEER FIRE DE","4128847913","015000","","","","","N","","","","","","N","","A-9999999","","","","","","1","","09"
"2020008943","05","2","1373 WASHINGTON PIKE SUITE 100","","BRIDGEVILLE","PA","15017","RAS WATER HALLSTEAD LLC","7246934211","073280","","","","","N","","","","","","N","","","","","","","","1","02454094","04"
"2020105335","05","1","4471 PACIFIC COAST HWY A 103","","TORRANCE","CA","90505","DSQ CORP","7208788335","080000","","","","","N","","","","","","N","","2072343","","","","","","1","02414976","08"
"2020027971","05","1","7614 ROYSTER RD","","GREENSBORO","NC","274558215","NOBLE TRUCKING INC","3366438480","080000","","","","","N","","","","","","N","","","","","","","","2","01141608","08"
"2020015391","02","0","2235 BEAVER AVENUE","","PITTSBURGH","PA","15233","PORT AUTHORITY OF ALLEGHENY C.","4124422000","999999","","","","","N","","","","","","N","","A-00976060","","","","","","1","","13"
"2020027746","04","4","385 LUTZ RUN RD","","ROSTRAVER","PA","15012","BUJDOS ONE TRUCKING LLC","7243225678","029280","","","","","N","","","","","","N","","A-8922337","","","","","","1","03219993","00"
"2020100429","03","99","495 PITTSBURGH RD","","BUTLER","PA","16002","GENERAL WIRE","4127716300","","","","","","N","","","","","","N","","","","","","","","2","02297866","04"
"2020097038","02","0","2235 BEAVER AVENUE","","PITTSBURGH","PA","15233","PORT AUTHORITY OF ALLEGHENY CO","4124422000","026000","","","","","N","","","","","","N","","A-00976060","","","","","","1","","13"
"2020022887","03","1","11 EASTER CT STE 6","","OWINGS MILLS","MD","21117","TFE RESOURCE LTD","4439292845","026000","","","","","N","","","","","","N","","6075833485","","","","","","2","","04"
"2020016830","02","99","1825 LIVERPOOL ST","","PITTSBURGH","PA","15233","THE YELLOW CAB CO OF PITTSBURGH","4127777777","","","","","","N","","","","","","N","","A49926","","","","","","2","","98"
"2020076549","02","0","1110 MIDDLESEX RD.","","GIBSONIA","PA","15044","STUDENT TRANSPORTATION OF AMERIC","4122095526","033000","","","","","N","","","","","","N","","","","","","","","1","00818076","12"
"2020016737","02","8","2235 BEAVER AVE","","PITTSBURGH","PA","15233","PORT AUTHORITY OF ALLEGHENY COUN","4124422000","999999","","","","","N","","","","","","N","","A-00976060","","","","","","1","","13"
"2020069752","99","0","5401 FLORIDA AVE","","BETHEL PARK","PA","15102","BRIAN ALLSOPP","9999999999","019500","","","","","","","","","","","N","","","","","","","","1","","02"
"2020000317","07","3","2607 BRICK CHURCH PIKE","","NASHVILLE","TN","37207","TENNESSEE STEEL HAULERS","6152712400","026000","","","","","N","","","","","","N","","","","","","","","1","00159317","08"
"2020004916","03","3","109 MCCLURE ST","","DRAVOSBURG","PA","15034","C&D TOWING AND RECOVERING INC","4124699381","017000","","","","","N","","","","","","","","00123372","","","","","","1","00536207","04"
"2020009357","02","7","4859 STATE ROUTE 51 N","","BELLE VERNON","PA","15012","BIG'S TRUCKING INC","7243794331","025999","","","","","N","","","","","","N","","","","","","","","1","01339470","03"
"2020044452","03","1","522 MEMORIAL BLVD","","TOBYHANNA","PA","18466","POCONO MOTOR FREIGHT","5708940815","040000","","","","","N","","","","","","N","","","","","","","","1","02303878","06"
"2020060868","03","1","1049 JEFFERSON RD","","PITTSBURGH","PA","15235","TURNER DAIRY FARMS","4127595691","013201","","","","","N","","","","","","","","","","","","","","1","00381686","04"
"2020094919","05","99","27890 CENTER RIDGE RD APT 2","","WEST LAKE","OH","44145","TERRA TRANSPORT","4403347498","080000","","","","","N","","","","","","N","","","","","","","","1","03279072","08"
"2020067783","02","99","1421 W CARSON ST","","PITTSBURGH","PA","15219","JACKSON WELDING SUPPLY CO","4123914500","020000","3","","","","Y","1","","","","","N","","","","","","","","2","00448147","02"
"2020029979","03","1","7101 W 17TH AVE","","GARY","IN","46406-0000","SCHNEIDER NATIONAL CARRIER INC.","8005586767","","","","","","N","","","","","","N","","","","","","","","1","00264184","08"
"2020029979","03","3","7135 CENTENNIAL PLACE","","NASHVILLE","TN","37209","WESTERN EXPRESS INC.","8779868855","","","","","","N","","","","","","N","","","","","","","","2","00511412","08"
"2020057402","02","1","2675 MORGANTOWN RD","","READING","PA","19607","PENSKE TRUCK RENTAL","8004073675","026000","","","","","N","","","","","","N","","","","","","","","1","00327574","03"
"2020102823","05","1","5505 EASTON RD","","NEW LOTHROP","MI","48460","MIDNIGHT EXPRESS","9896663552","999999","","","","","N","","","","","","N","","","","","","","","1","01625105","08"
"2020067307","02","0","2235 BEAVER AVE","","PITTSBURGH","PA","15222","PORT AUTHORITY OF ALLEGHENY CO","4124422000","","","","","","N","","","","","","N","","A-00976060","","","","","","1","","13"
"2020098785","02","8","2235 BEAVER AVE","2235 BEAVER AVE","PITTSBURGH","PA","15233","PORT AUTHORITY ALLEGHENY COUNTY","4124422000","017963","","","","","N","","","","","","N","","A-00976060","","","","","","3","","13"
"2020008010","02","99","225 N SHORE DR","","PITTSBURGH","PA","15212","TRUMBULL CORPORATION","4128072000","026000","","","","","N","","","","","","N","","","","","","","","1","00088311","00"
"2020035856","05","99","908 BROADWAY","","MASURY","OH","44438","P AND I MOTOR EXPRESS INC.","8003212733","073290","","","","","N","","","","","","N","","A-00110077","","","","","","1","00122443","06"
"2020108980","02","99","2235 BEAVER AVENUE","","PITTSBURGH","PA","15233","PORT AUTHORITY OF ALLEGHENY CO","4122551385","","","","","","N","","","","","","N","","","","","","","","1","","13"
"2020021901","03","7","311 N SUMNEYTOWN PIKE # 1F,","","NORTH WALES","PA","19454","HATFIELD GROUP","2156996671","073280","","","","","N","","","","","","N","","","","","","","","2","00236447","04"
"2020075418","05","4","5133 ROSECREST PLACE","","PITTSBURGH","PA","15201","AB DEMOLITION","4122413355","012500","","","","","N","","","","","","N","","","","","","","","2","02147953","08"
"2020093422","02","1","108 LOCH SHIN DR","","MCKEES ROCKS","PA","15136","RED DIAMOND TRUCKING CO","4123980920","026000","","","","","N","","","","","","N","","","","","","","","2","01738977","03"
"2020017892","02","8","4 RIVER RD","","MCKEES ROCKS","PA","15136","MATTHEW BUS / DURHAM SCOOL SERVI","4123315009","","","","","","N","","","","","","","","","","","","","","1","","12"
"2020013942","05","1","2230 S PINEY POINT RD, APT 207","","HOUSTON","TX","77063","ZAGROS EXPRESS INC.","7139260500","080000","","","","","N","","","","","","N","","","","","","","","1","03315917","08"
"2020017495","02","99","211 BIRMINGHAM AVE","","PITTSBRUGH","PA","15210","JEFFREY J DOUGLASS","4128825232","000000","","","","","N","","","","","","","","","","","","","","1","02199216","05"
"2020019136","02","8","2990 DUSS AVE.","","AMBRIDGE","PA","15003","R.J. RHODES TRANSIT INC","7242664322","012300","","","","","N","","","","","","N","","","","","","","","2","00239893","12"
"2020075274","02","1","6 RIVER RD","","MC KEES ROCKS","PA","15136","ATM AMERICAN TRANSPORTATION","4123563074","008900","","","","","N","","","","","","N","","00112554","","","","","","2","00723235","03"
"2020016201","05","1","2325 GREEN VALLEY ROAD","","NEW ALBANY","IN","47150","TALON LOGISTICS","4129193330","080000","","","","","N","","","","","","N","","","","","","","","2","00032037","08"
"2020094918","02","8","2235 BEAVER AVENUE","","PITTSBURGH","PA","15233","PORT AUTHORITY","4124422000","","","","","","N","","","","","","","","A-00976060","","","","","","3","","13"
"2020100758","03","1","4823 CHERRY HILL COURT","","COLUMBUS","OH","43228","KHEYROW LOGISTICS LLC","6197990194","080000","","","","","N","","","","","","N","","","","","","","","1","02435654","08"
"2020109148","03","4","436 GRANT ST STE 206","","PITTSBURGH","PA","15219","COUNTY OF ALLEGHENY","4124733000","066000","","","","","N","","","","","","N","","","","","","","","1","","04"
"2020060368","03","4","1251 S. FRANKLIN AVE.","","SOMERSET","PA","15501","DIVELY TRUCKING LLC","8144422085","073280","","","","","N","","","","","","N","","A00119261F","","","","","","2","01530193","04"
"2020099829","02","99","8354 PRINCETON GLANDALE","","WEST CHESTER","OH","45069","PENSKE TRUCK RENTAL","5139784338","","","","","","N","","","","","","","","","","","","","","3","00327574","03"
"2020078206","02","3","1121 CLAYBERG RD","","GREENWICH","OH","44837","J&K CASEY TRUCKING LLC","3304109410","","","","","","N","","","","","","N","","","","","","","","1","02845485","08"
"2020041332","02","1","98 VANADIUM RD","","BRIDGEVILLE","PA","15017","KLOSTERMAN BAKING COMPANY","4125641023","008594","","","","","N","","","","","","N","","","","","","","","3","00616281","03"
"2020048160","04","3","7135 CENTINNIAL PALCE","","NASHVILLE","TN","37209","WESTERN EXPRESS LLC","8003167160","080000","","","","","N","","","","","","N","","","","","","","","1","00511412","08"
"2020048160","04","5","305 STEEL STREET","","ALIQUIPPA","PA","15001","CASTLE BUILDER SUPPLY","7243750555","073280","","","","","N","","","","","","N","","","","","","","","2","00272363","04"
"2020028252","05","1","2675 MORGANTOWN RD","","READING","PA","19607","PENSKE TRUCK LEASING CO","6103207103","080000","","","","","N","","","","","","N","","","","","","","","2","00443021","08"
"2020017906","03","1","3801 GREENWOOD ROAD","","FORT SMITH","AR","72903","ABF FREIGHT SYSTEM INC","8442549475","080000","","","","","N","","","","","","N","","","","","","","","2","00082866","08"
"2020090774","04","1","1700 WILLIS RD","","RICHMOND","VA","23237","ABILENE MOTOR EXPRESS","8042750224","080000","","","","","N","","","","","","N","","","","","","","","2","00335555","08"
"2020056718","02","3","3301 SMALLMAN STREET","","PITTSBURGH","PA","15201","PITTSBURGH TIRE SERVICE","4126837800","","","","","","N","","","","","","N","","","","","","","","2","00362243","03"
"2020016512","04","4","1251 RUSSELLTON RD","","CHESWICK","PA","150241087","TESONE TRANSPORT INC","7245023127","073280","","","","","N","","","","","","N","","","","","","","","1","00507931","04"
"2020086706","99","99","814 CASATT ST","","PITTSBURGH","PA","15219","OHS DELIVERY LLC","4127218085","999999","","","","","","","","","","","N","","","","","","","","2","99999999","99"
"2020025589","02","99","495 PITTSBURGH RD","","BUTLER","PA","16002","HUNTER IDEALEASE","8008592249","999999","","","","","N","","","","","","","","40328","","","","","","2","02383163","08"
"2020025589","01","1","500 SUPERIOR ST","","CARNEGIE","PA","15106","SUPERBOLTT INC","4122791149","999999","","","","","N","","","","","","","","","","","","","","3","","05"
"2020064160","99","0","1024 CONNOR RD","","PITTSBURGH","PA","15234","ANTHONY HERVET","9999999999","010001","","","","","","","","","","","N","","","","","","","","3","","02"
"2020090729","03","8","2500 CLYDE AVE","","NORTH VERSAILLES","PA","15137","S&S","4128297349","020000","","","","","N","","","","","","N","","","","","","","","2","02430663","10"
"2020080536","03","1","160 VELTRI DRIVE","","WASHINGTON","PA","15301","JAMES R. VELTRI TRUCKING","7243282857","158400","","","","","N","","","","","","N","","452375","","","","","","1","01085746","08"
"2020097895","02","0","2235 BEAVER AVENUE","","PITTSBURGH","PA","15233","PORT AUTHORITY OF ALLEGHENY CO.","4124422000","026000","","","","","N","","","","","","N","","A-00976060","","","","","","2","","13"
"2020091535","03","4","667 US RT 30","","IMPERIAL","PA","15126","CRONIN ENTERPIRSES","4127226295","029000","","","","","N","","","","","","N","","WH18046","","","","","","2","03003404","04"
"2021001469","05","99","300 CLEVELAND RD","","NORWALK","OH","44857","PLOGER TRANS LLC","4194652100","080000","","","","","N","","","","","","N","","","","","","","","2","01438436","08"
"2020008657","06","5","1790 ROUTE 588","","FOMBELL","PA","16123","LAURIE TRANSIT","7244526260","080000","","","","","N","","","","","","N","","","","","","","","1","","98"
"2020113353","02","1","4321 MILL VILLAGE RD","","RALEIGH","NC","27612","A PLUS CARRIER","0000000000","002600","","","","","N","","","","","","N","","","","","","","","2","99999999","03"
"2020063327","05","99","1037 WINFIELD RD","","CABOT","PA","16023","RONADL GROSS INC.","7243521270","080000","","","","","N","","","","","","N","","107320","","","","","","1","00429878","08"
"2020049845","02","4","607 TURNBERRY LANE","","OAKDALE","PA","15071","AMERICAN GROUNDSKEEPING LLC","4124204469","","","","","","N","","","","","","N","","","","","","","","1","02952617","03"
"2020028459","03","4","CURRIE RD","","PORTERVILLE","PA","16051","MM LEASING","4129221651","073280","","","","","N","","","","","","N","","","","","","","","1","99999999","04"
"2020028459","03","4","CURRIE RD","","PORTERVILLE","PA","16051","MM LEASING","4129221651","073280","","","","","N","","","","","","N","","","","","","","","2","99999999","04"
"2020109470","03","3","6550 E 30TH ST STE 120","","INDIANAPOLIS","IN","46226","BLAIR LOGISTICS LLC","3023333204","080000","","","","","N","","","","","","N","","","","","","","","1","01243338","08"
"2020066735","02","0","2235 BEAVER AVE","","PITTSBURGH","PA","15223","ALLEGHENY COUNTY PORT AUTHORITY","4124422000","","","","","","N","","","","","","N","","","","","","","","1","","13"
"2020002260","02","1","4002 LORIGAN ST","","PITTSBURGH","PA","15224","M O HERRON COMPANY","4124858101","","","","","","N","","","","","","","","","","","","","","2","02110229","03"
"2020068733","02","1","1092 SAXONBURG BLVD","","SAXONBURG","PA","16056","ALM INDUSTRIES INC","7248410234","","","","","","N","","","","","","N","","","","","","","","1","02108556","03"
"2020043917","99","4","17TH & ARSENAL BLVD","","HARRISBURG","PA","17120","PENNDOT EQUIP 367-8077","4129528876","066000","","","","","N","","","","","","N","","","","","","","","2","","09"
"2020027381","02","1","3812 WILLIAM FLYNN HWY BUILDIN","","ALLISON PARK","PA","15101","BLL CHARLES INC","7243556778","014500","","","","","N","","","","","","N","","","","","","","","2","02929277","03"
"2020047316","05","3","30142 WIXOM ROAD","","WIXOM","MI","48393","ROCKWELL TRANSPORTATION","2489609009","000028","","","","","N","","","","","","N","","669188","","","","","","2","00685854","06"
"2020031321","05","3","5720 HIGHWAY K","","HARTFORD","WI","53027","KREBS TRUCKING","8002366609","080000","","","","","N","","","","","","N","","253431","","","","","","1","00515096","08"
"2020074017","02","1","3020 MIDDLETOWN RD","","PITTSBURGH","PA","15204","FRANK LOUIS OLANDER","9999999999","","","","","","N","","","","","","N","","","","","","","","1","99999999","03"
"2020037922","03","0","838 CROFT ROAD","","GREENSBURG","PA","15601","LIBERTY TRANSPORTATION","7246682772","044600","","","","","N","","","","","","N","","","","","","","","2","02984571","07"
"2020032594","03","99","55 GLENLAKE PKY NE","","ATLANTA","GA","30328","UNITED PARCEL SERVICE INC","7083874790","080000","","","","","N","","","","","","N","","","","","","","","1","00021800","08"
"2020080358","05","1","8225 LECLAIRE AVE.","","BURBANK","IL","60459","RIKI TRANSPORT","7083035150","080000","","","","","N","","","","","","N","","","","","","","","1","03119062","06"
"2020094717","02","1","5300 TOD AVE","","LORDSTOWN","OH","44481","KWA INC LTD","3309804535","054000","","","","","N","","","","","","N","","73224","","","","","","2","00046135","03"
"2020043827","02","1","1070 LAKE RD","","MEDINA","OH","44256","SEALY MATTRESS MANUFACTURING","3307254146","080000","","","","","N","","","","","","N","","","","","","","","2","00044645","08"
"2020027451","02","0","1046 PIKE RUN RD","","COAL CENTER","PA","15423","AMD INDUSTRIES","7249148110","010000","","","","","N","","","","","","N","","","","","","","","1","03239175","02"
"2020018333","03","3","1214 FORSYTHIA ST S E","","DEMOTTE","IN","46310","GYPSUM EXPRESS LTD","9999999999","800000","","","","","N","","","","","","N","","","","","","","","3","00623098","08"
"2020087527","02","7","5331 MCANULTY RD","","PITTSBURGH","PA","15236","MICHAEL BROTHERS TRANSPORTATION","4124013166","","","","","","N","","","","","","N","","","","","","","","2","00000000","05"
"2020025090","02","8","150 S 24TH STREET","","PITTSBURGH","PA","15203","FIRST STUDENT","4124318747","999999","","","","","N","","","","","","N","","","","","","","","3","","12"
"2020079663","02","8","2235 BEAVER AVE","","PITTSBURGH","PA","15233","PORT AUTHORITY OF ALLEGHENY CO","4124422000","999999","","","","","N","","","","","","N","","A-00976060","","","","","","2","","13"
"2020083177","02","1","1001 CALIFORINA AVE","","PITTSBURGH","PA","15290","UNITED STATES POSTAL SERVICE","4123597084","033000","","","","","N","","","","","","U","","","","","","","","2","08871147","03"
"2020065602","02","1","1800 PREDLE AVENUE","","PITTSBURGH","PA","15233","ON TIME DELIVERY","4122314813","026000","","","","","N","","","","","","N","","","","","","","","1","00183394","03"
"2020003398","02","1","RM 502 CITY COUNTY BLDG","","PITTSBURGH","PA","15210","CITY OF PITTSBURGH EQUIPMENT","4123237209","014000","","","","","N","","","","","","N","","","","","","","","1","","03"
"2020026167","02","1","940 RIDGEBROOK RD","","SPARKS GLENCO","MD","21152","VIP DELIVERY SOLUTIONS","9999999999","","","","","","N","","","","","","N","","9999999","","","","","","1","09999999","02"
"2020074426","02","1","2675 MORGANTOWN RD","","READING","PA","19607","FREIGHTLINER","4128630305","","","","","","N","","","","","","N","","","","","","","","2","00188457","03"
"2020084446","05","99","2301 S. HOLT ST","","INDIANAPOLIS","IN","46241","WILLIAMS SCOTSMAN INC.","4122645374","040000","","","","","N","","","","","","N","","","","","","","","1","00350040","08"
"2020084446","03","99","219 RUTH RD","","HARLEYSVILLE","PA","19439","PARKSIDE UTILITY LLC","2155139500","035000","","","","","N","","","","","","N","","","","","","","","2","01745150","08"
"2020062111","03","4","1251 RUSSELTON ROAD","","CHESWICK","PA","15024","TESONE TRANSPORT INC","7242742250","073280","","","","","N","","","","","","N","","A00109950","","","","","","1","00507931","04"
"2020062111","03","4","1251 RUSELLTON ROAD","","CHESWICK","PA","15024","TESONE TRANSPORT, INC","7242742250","073280","","","","","N","","","","","","N","","A00109950","","","","","","2","00507931","04"
"2020020117","02","8","2235 BEAVER AVENUE","","PITTSBURGH","PA","15233","PORT AUTHORITY OF ALLEGHENY COUN","9999999999","","","","","","N","","","","","","","","","","","","","","1","","13"
"2020046591","05","1","5101 MEADOWVIEW STREET","","TIPP CITY","OH","45371","MUSTAFA ISMAILOV","9999999999","","","","","","N","","","","","","","","","","","","","","1","99999999","06"
"2020047108","02","3","173 OLD BEAVER GRADE RD","","CORAOPOLIS","PA","15108","L & N AUTOMOTIVE LLC","4124943150","","","","","","N","","","","","","","","","","","","","","4","99999999","03"
"2020086105","04","8","2235 BEAVER AVE","","PITTSBURGH","PA","15233","PORT AUTHORITY OF ALLEGHENY CO","4122551385","","","","","","N","","","","","","N","","A-00976060","","","","","","2","","13"
"2020033089","02","1","2675 MORGANTOWN RD","","READING","PA","19607","PENSKE TRUCK LEASING CO L P","6107756000","","","","","","N","","","","","","N","","","","","","","","1","00327574","03"
"2020111394","03","1","8300 LANCASTER NEWARK RD","","BALTIMORE","OH","43105","WARNER EXPRESS LLC","7408778072","015700","","","","","N","","","","","","N","","","","","","","","2","02046697","04"
"2020071080","04","5","409 SAXONBURG BLVD","","SAXONBURG","PA","16056","THROWER TRUCKING INC","7243529421","080000","","","","","N","","","","","","N","","","","","","","","2","02185759","09"
"2020104189","02","1","241 WHITEHAVEN DR","","GIBSONIA","PA","15044","JERRY KENNEDY","4127792264","011000","","","","","N","","","","","","N","","","","","","","","1","99999999","03"
"2020018184","03","1","1310 FREEPORT ROAD","","PITTSBURGH","PA","15238","GREAT DIVIDE","4126073289","999999","","","","","N","","","","","","N","","","","","","","","2","00807021","04"
"2020078278","99","99","1101 WILLAIM FLYNN HWY","","GLENSHAW","PA","15116","TRI STATE SWEEPING","9999999999","012000","","","","","N","","","","","","N","","","","","","","","2","","99"
"2020095337","02","8","2235 BEAVER AVENUE","2235 BEAVER AVENUE","PITTSBURGH","PA","15233","PORT AUTHORITY","4124422000","999999","","","","","N","","","","","","","","A-00976060","","","","","","2","","13"
"2020021577","99","0","8813 NOLAND RD","","LENEXA","KS","66215","JIMLA TRANSPOTATION","9137132558","999999","","","","","N","","","","","","N","","","","","","","","2","03076264","08"
"2020091827","02","4","2440 SARANAC AVE","","PITTSBURGH","PA","15216","CROWLEY ROLL OFF SERVICE","4123035017","033000","","","","","N","","","","","","N","","","","","","","","2","01918955","03"
"2020006181","02","4","5331 MCANULTY RD","","PITTSBURGH","PA","15236","MICHAEL BROTHERS HAULING INC","4128356428","","","","","","N","","","","","","","","","","","","","","2","01014261","03"
"2020003311","02","8","2235 BEAVER AVENUE","","PITTSBURGH","PA","15233","PORT AUTHORITY","4124422000","999999","","","","","N","","","","","","N","","A-00976060","","","","","","2","","13"
"2020017109","04","0","155 CROWN CT","","OAKDALE","PA","15071","CEVA","7242739463","080000","","","","","N","","","","","","N","","","","","","","","1","00187774","08"
"2020068804","02","4","443 MOON CLINTON ROAD","","MOON TOWNSHIP","PA","15108","GILL LANDSCAPING CONTRACTING INC","4127207882","025999","","","","","N","","","","","","N","","","","","","","","2","02150779","03"
"2020054035","99","0","6987 ST HELENA RD","","SANTA ROSA","CA","95404","TIMOTHY TAUZER","9999999999","010001","","","","","N","","","","","","N","","","","","","","","1","","02"
"2020004468","03","0","5775 WAYZATA BLVD#400","","ST LOUIS PAR","MN","55416","INSIGHT HEALTH CORP","7243167796","080000","","","","","N","","","","","","N","","","","","","","","2","00379075","07"
"2020043573","02","2","358 REIMER ROAD","","SARVER","PA","16055","GLASSMERE FUEL SERVICE","7242654646","033000","3","","","","Y","1","","","","","N","","00114860","","","","","","2","00276273","04"
"2020083921","99","99","PO BOX 18123","","PITTSBURGH","PA","15236","GREENLEAF LANDSCAPE","9999999999","011500","","","","","","","","","","","N","","","","","","","","1","","99"
"2020019657","02","1","965 E MIDLOTHIAN BLVD","","YOUNGSTOWN","OH","44502","SCHWEBLS BAKING COMPANY","3307832860","025500","","","","","N","","","","","","N","","","","","","","","1","00030226","03"
"2020036553","05","1","2200 SOUTH 75TH","","PHOENIX","AZ","85043","SWIFT TRANSPORTATION COMPANY","2087468789","080000","","","","","N","","","","","","N","","","","","","","","1","00054283","08"
"2020105860","05","1","3701 WEST MORRIS STREET","","INDIANAPOLIS","IN","46241","PITT OHIO EXPRESS LLC","8006697488","080000","","","","","N","","","","","","N","","102471","","","","","","2","00190180","08"
"2020080646","03","7","22 S GRANDVIEW AVE","","PITTSBURGH","PA","15205","SWI WASTE REMOVAL","4125226501","","","","","","N","","","","","","N","","","","","","","","1","02589632","04"
"2020075421","99","0","92 MCCLELLAND RD","","CANNONSBURG","PA","15317","CRAMMER LLC","9999999999","014000","","","","","","","","","","","N","","","","","","","","1","","02"
"2020080669","05","3","14778 E. LIVERPOOL RD.","","EAST LIVERPOOL","OH","43920","MURRARY LEASING CO.","3305658956","080000","","","","","N","","","","","","N","","","","","","","","2","00188660","08"
"2020082958","05","1","101 KAPPA DR","","PITTSBURGH","PA","15238","TALON LOGISTICS","4129636200","065000","","","","","N","","","","","","N","","IA3818","","","","","","2","00030237","08"
"2020017390","02","8","2235 BEAVER AVE","","PITTSBURGH","PA","15233","PORT AUTHORITY OF ALLEGHENY COUN","4124422000","999999","","","","","N","","","","","","N","","A-00976060","","","","","","2","","13"
"2020070099","99","0","111 SKYPORT RD","","WEST MIFFLIN","PA","15122","MARK MILLER","9999999999","016500","","","","","","","","","","","N","","","","","","","","1","","02"
"2020088935","03","4","3041 CANTERBURY CT","","ALLISON PARK","PA","15101","NICK SCOTTI CONCRETE","4128895483","025950","","","","","N","","","","","","N","","","","","","","","2","02109088","04"
"2020027934","06","3","9016 ROUTE 104","","MT PLEASANT MILLS","PA","17853","IVAN LAUVER & SON","5705392552","080000","","","","","N","","","","","","N","","A00107807","","","","","","1","00010760","08"
"2020057005","02","99","3722 RODEO DR","","WEST MIFFLIN","PA","15122","WEST MIFFLIN BOROUGH VFC 3","4124693625","","","","","","N","","","","","","N","","","","","","","","2","99999999","09"
"2020040945","03","1","898 FERNHILL RD","","WEST CHESTER","PA","19380","ELDREDGE INC","6104364749","080000","3","","","","Y","1","","","","","N","","","","","","","","1","00237431","08"
"2020040945","03","1","1818 STIEVER ST","","WESTLAND","MI","48186","BAAZ LOGISTICS INC","5597097442","080000","","","","","N","","","","","","N","","","","","","","","3","02983361","08"
"2020076018","99","7","4859 SR 51 N","","ROSTRAVER TWP","PA","15012","BIGS SANITATION INC","9999999999","058400","","","","","N","","","","","","N","","","","","","","","2","","99"
"2020054091","05","1","9348 CHINA GROVE CHURCH","","PINEVILLE","NC","28134","MIGWAY INC","9999999999","080000","","","","","N","","","","","","N","","","","","","","","1","02328470","08"
"2020108937","01","4","551 RAVENSBURG BLVD","","CLAIRTON","PA","15025","CITY OF CLAIRTON","4122338181","038800","","","","","N","","","","","","N","","","","","","","","1","","09"
"2020079044","02","3","36550 CHESTER RD","","AVON","OH","44011","GRAND AUTO TRANSPORT","7734975686","035000","","","","","N","","","","","","N","","MC11130","","","","","","2","03433372","06"
"2020060386","04","5","1790 ROUTE 588","","FOMBELL","PA","16123","LAURIE TRANSIT INC","8666993835","073280","","","","","N","","","","","","N","","","","","","","","1","00121658","04"
"2020048693","99","99","123 UNKNOWN RD","","UNKNOWN","IN","99999","UNKNOWN","9999999999","999999","","","","","","","","","","","N","","","","","","","","1","","08"
"2020017043","99","99","UNKNOWN","","UNKNOWN","ZZ","99999","UNKNOWN","9999999999","999999","","","","","","","","","","","U","","","","","","","","1","","08"
"2020034335","05","2","711 JORIE BLVD/SUITE 101","","NORTH OAKBROOK","IL","60523","SUPERIOR BULK LOGISTICS","8888457727","","3","","","","Y","9","","","","","N","","74226","","","","","","1","00834726","08"
"2020020373","99","8","110 LENZNER CT","","SEWICKLEY","PA","15143","MEGABUS/COACH USA","8003422349","999999","","","","","N","","","","","","N","","","","","","","","1","01759030","14"
"2020089793","02","0","2833 NEW BEAVE AVE","","PITTSBURGH","PA","15233","DUQUESNE LIGHT","4123937100","999999","","","","","N","","","","","","N","","","","","","","","2","00413803","09"
"2020055611","01","3","313 N CRAIG STREET","","PITTSBURGH","PA","15213","CRAIG DIST CO","4125261579","","","","","","N","","","","","","","","B476","","","","","","2","","09"
"2020099528","04","7","1500 HAYDEN BOULEVARD","","ELIZABETH","PA","15037","WASTE MANAGEMENT","4124050680","078730","","","","","N","","","","","","N","","","","","","","","1","00344050","04"
"2020017468","03","1","2675 MORGANTOWN ROAD","","READING","PA","19607","PENSKE TRUCK LEASING CO L P","9999999999","080000","","","","","N","","","","","","N","","","","","","","","1","00327574","08"
"2020070092","99","0","600 FOUNTAIN ST","","PITTSBURGH","PA","15238","HERITAGE INDUSTRIES INC","9999999999","011000","","","","","N","","","","","","N","","","","","","","","2","","02"
"2020042282","03","99","24121 MOUND ROAD","","WARREN","MI","480916901","GENERAL TRUCKING COMPANY","5862149739","079000","","","","","N","","","","","","N","","578193","","","","","","1","01556061","09"
"2020089367","05","1","150TH STREET NW","PO BOX 429","CLEARWATER","MN","55320","D&E TRANSPORT LLC","7638782880","080000","","","","","N","","","","","","N","","","","","","","","2","00600140","06"
"2020004353","02","8","3325 BEAVER AVE","","PITTSBURGH","PA","15233","PORT AUTHORITY ALLEGHENY COUNTY","4124422000","","","","","","N","","","","","","N","","","","","","","","2","","13"
"2020089716","02","99","2235 BEAVER AVE.","2235 BEAVER AVE.","PITTSBURGH","PA","15233","PORT AUTHORITY OF ALLEGHENY CO.","4125665214","026000","","","","","N","","","","","","N","","A-00976060","","","","","","2","","13"
"2020097313","04","0","4304 E 18TH ST APT 107","","SIOUX FALLS","SD","57103","BABILE TRANSPORT LLC","6053609928","080000","","","","","N","","","","","","N","","","","","","","","2","03024153","06"
"2020096901","03","1","5201 BLUE MOUND RD","","FT WORTH","TX","76106-1939","NEW BERN TRANSPORT CORPORATION","8179890793","080000","","","","","N","","","","","","N","","","","","","","","2","00692947","08"
"2020046464","02","1","111 STAGERS ROAD","","SUMMERHILL","PA","15958","CDI LOGISTICS","4129794103","025999","","","","","N","","","","","","N","","","","","","","","1","03218356","03"
"2020044340","03","1","4915 EAST COLONVILLE ROAD","","CLARE","MI","48617","NORTHERN LOGISTICS INC","9893867556","","","","","","N","","","","","","N","","","","","","","","1","00295027","08"
"2020066519","99","0","5373 COUNTY RD 75A","","SAINT JOE","IN","46785","DAVID COLLIER","9999999999","010001","","","","","N","","","","","","N","","","","","","","","1","","02"
"2020099637","04","5","1409 MORAVIA STREET","","NEW CASTLE","PA","161013930","CASTLE BUILDERS SUPPLY AND TRUCK","7246585656","073280","","","","","N","","","","","","N","","","","","","","","1","02723634","09"
"2020027050","04","4","PO BOX 296","","PORTERSVILLE","PA","16051","MCCLYMONDS SUPPLY AND TRANSIT","7243288040","080000","","","","","N","","","","","","N","","A105846","","","","","","1","00269478","99"
"2021002001","02","6","805 E W2ND ST","","CHESTER","PA","19013","INTERNATIONAL RECOVERY SYSTEMS I","3304421764","016500","","","","","N","","","","","","U","","","","","","","","1","","03"
"2020014894","03","7","1306 MAIN STREET","","CRESENT","PA","15076","ARADA WASTE","7246223170","080000","","","","","N","","","","","","N","","","","","","","","3","03048989","09"
"2020074190","05","3","11690 NW 105 ST.","","MIAMI","FL","33178","RYDER TRUCK RENTAL","8007933711","080000","","","","","N","","","","","","N","","","","","","","","2","00165420","08"
"2020023372","01","8","1325 SCOTLAND AVE EXT","","PUNXSUTAWNEY","PA","15767","KRISE TRANSPORTATION INC","4127937000","030000","","","","","","","","","","","N","","","","","","","","2","00550782","12"
"2020104421","99","3","5707 MACCORKLE AVE SOUTHEAST","","CHARLESTON","WV","25317-0010","HANCOCK & NORTHWESTERN TRANSPORT","3049260799","080000","","","","","N","","","","","","N","","","","","","","","2","00392526","06"
"2020064524","03","0","536 SUN MINE ROAD","","SARVER","PA","16005","D AND D AUTO SALVAGE","7247069414","","","","","","N","","","","","","N","","","","","","","","2","00570592","08"
"2020006892","02","8","2233 BEAVER AVE","","PITTSBURGH","PA","15233","PORT AUTHORITY ALLEGHENY COUNTY","4124422000","026001","","","","","N","","","","","","N","","A-00976060","","","","","","1","","13"
"2020026469","02","8","2235 BEAVER AVE","","PITTSBURGH","PA","15233","PORT AUTHORITY OF ALLEGHENY CO","4124422000","","","","","","N","","","","","","N","","9999999999","","","","","","2","","13"
"2020078536","02","3","601 PITTSBURGH RD","","BUTLER","PA","16002","UNITED RENTALS","7245865500","025999","","","","","N","","","","","","N","","","","","","","","2","00899748","03"
"2020088572","99","99","8555 STEUBENVILLE PIKE","","IMPERIAL","PA","15126","GOLDEN TRIANGLE CONSTRUCTION","9999999999","026000","","","","","","","","","","","N","","","","","","","","1","","98"
"2020015901","02","1","8555 OLD STEUBENVILLE PIKE","","IMPERIAL","PA","15126","GOLDEN TRIANGLE CONSTRUCTION","7246229579","026000","","","","","N","","","","","","N","","","","","","","","2","02104574","03"
"2020102628","99","99","4200 INDUSTRIAL  BLVD","","ALIQUIPPA","PA","15001","PGT TRACKING INC","7247283500","029000","","","","","N","","","","","","N","","","","","","","","2","00192897","08"
"2020078149","04","1","7101 W 17TH ST","","GARY","IN","46406","SCHNEIDER NATIONAL","2199778439","","","","","","N","","","","","","N","","","","","","","","2","00264184","08"
"2020104682","02","1","29085 SMITH ROAD","","ROMULUS","MI","48174","MNARZ LLC","7344677100","005500","","","","","N","","","","","","N","","55482","","","","","","1","03256092","09"
"2020093768","02","8","2235 BEAVER AVE","","PITTSBURGH","PA","15233","PORT AUTHORITY ALLEGHENY COUNTY","4124422000","017963","","","","","N","","","","","","N","","A-00976060","","","","","","2","","13"
"2020108649","04","4","1657 EVANS CITY RD","","EVANS CITY","PA","16033","PRIDE MASONARY","7244323662","073280","","","","","N","","","","","","N","","","","","","","","2","02183758","04"
"2020041039","99","3","417 BROADWAY","","PITCAIN","PA","15140","MAGILLS AUTO SERVICE LLC","4123738155","","","","","","N","","","","","","N","","A-00109422","","","","","","3","00513657","09"
"2020104453","05","1","726 E WILBETH RD","","AKRON","OH","44306","UK EXPEDITED INC","7188777872","080000","","","","","N","","","","","","N","","","","","","","","2","03480401","08"
"2020011315","03","2","180 WEST MIDLAND AVE","","IDLAND","PA","15059","ELITE GASFIELD SERVICES LLC","7247282929","080000","","","","","N","","","","","","N","","","","","","","","2","02206378","04"
"2020062763","02","1","448 SPRINGFIELD DR","","PITTSBURGH","PA","15235","BLACK DEER TRANSPORT LLC","9999999999","080000","","","","","","","","","","","","","","","","","","","1","99999999","03"
"2021003171","99","99","2457 WAVERLY ST","","PITTSBURGH","PA","15218","CULGAN TOWING LLC","9999999999","999999","","","","","","","","","","","N","","","","","","","","2","","99"
"2020085808","04","5","2200 SPRINGFIELD PIKE","","CONNELSVILLE","PA","15425","HANSON READY MIX INC","7246260080","073280","","","","","N","","","","","","N","","","","","","","","2","01977251","04"
"2020019372","03","2","415 SQUIRES DR","","MILAN","MI","48160","INNOVATION FLUIDS","7342415699","999999","","","","","N","","","","","","N","","","","","","","","1","01711586","04"
"2020058685","06","3","4010 COLUMBUS AVE","","SANDUSKY","OH","44870","SOUTH SHORE TRANSPORTATION CO.","4196266267","080000","","","","","N","","","","","","N","","","","","","","","1","00247350","06"
"2020098426","99","6","ONE RICH HILL ROAD","","CHESWICK","PA","15024","E C M TRANSPORT LLC","8005487379","033001","","","","","N","","","","","","N","","","","","","","","1","00317494","09"
"2020064868","05","6","109 SOUTH FORT ZELLERS RD","","NEWMANSTOWN","PA","17073","MR WEAVER TRANSPORT LLC","7178233895","045000","","","","","N","","","","","","N","","","","","","","","1","01541615","08"
"2020064868","05","1","3814  11TH ST","","ROCKFORD","IL","61109","MEIBORG BROS INC","8153981111","080000","","","","","N","","","","","","N","","","","","","","","4","00190639","08"
"2020028261","02","1","1 FEDERAL STREET","","BOSTON","MA","02110","IRON MOUNTAIN INFORMATION SERVIC","6175354893","025950","","","","","N","","","","","","N","","","","","","","","1","00338113","03"
"2020024422","03","3","13650 HERITAGE PARKWAY FL 1","","FORT WORTH","TX","76177","DAIMLER TRUST LLC","4092393052","080000","","","","","N","","","","","","N","","","","","","","","2","","08"
"2020110824","05","1","275 S. MAIN ST.","","ANGOLA","NY","14006","GOYA FOODS","7165490926","080000","","","","","N","","","","","","N","","","","","","","","2","00327574","08"
"2020107317","03","1","6720 N 9TH ST","","OMAHA","NE","681123526","REINHART TRANSPORTATION LLC","4126998374","048000","","","","","N","","","","","","N","","","","","","","","3","00882290","08"
"2020076514","02","8","405 KEYSTONE DR","","CRANBERRY TWP","PA","16066","UPMC","4123026055","","","","","","N","","","","","","N","","","","","","","","1","02210798","15"
"2020017075","04","99","1000 SIMNES AVE","","RICHMOND","VA","23218","UPS GROUND FREIGHT","9999999999","999999","","","","","N","","","","","","U","","","","","","","","1","00121058","08"
"2020085751","02","4","93 LAFFERTY AVENUE","","PITTSBURGH","PA","15210","ARK TRANSPORT","4129564979","999999","","","","","N","","","","","","N","","73280","","","","","","1","00013121","03"
"2020077178","03","1","29 ORANMORE CRES","","BRAMPTON","ON","L6X0K1","RM LOGISTICS","4163018183","080000","","","","","N","","","","","","N","","","","","","","","1","02315827","08"
"2020094746","03","0","10423 WINTER PARK DR","","PALOS HILLS","IL","60465","BARAKA CORPORATION","6303186865","080000","","","","","N","","","","","","","","","","","","","","1","02942590","04"
"2020019727","02","8","2235 BEAVER AVENUE","","PITTSBURGH","PA","15233","PORT AUTHORITY","4124422000","999999","","","","","N","","","","","","N","","A-00976060","","","","","","2","","13"
"2020076631","02","8","345 BEAVER AVE","","PITTSBURGHQ","PA","15223","PORT AUTHORITY OF ALLEGHENY COUN","4124422000","026000","","","","","N","","","","","","N","","A-00976060","","","","","","1","","13"
"2020044473","04","4","740 FREEDOM CRIDER ROAD","","FREEDOM","PA","15042","IRON CITY PLUMBING AND EXCAVATIN","7247745608","073280","","","","","N","","","","","","N","","","","","","","","1","02123418","04"
"2020043013","99","1","464 HULL HARBOR ROAD","","HEATHSVILLE","VA","22473","D T HAYNIE TRUCKING LLC","8007240900","","","","","","N","","","","","","N","","","","","","","","1","02782300","08"
"2020016123","02","8","2235 BEAVER AVE","","PITTSBURGH","PA","15233","PORT AUTHORITY","4124422000","999999","","","","","N","","","","","","N","","A-00976060","","","","","","1","","13"
"2020092595","05","1","962 DOUGLAS DR","","WOOSTER","OH","44691","MURRAY TRANSPORTATION LLC","3303173200","080000","","","","","N","","","","","","N","","","","","","","","2","02071520","08"
"2020058394","02","1","6901 LYNN WAY","","PITTSBURGH","PA","15208","WILD PURVEYORS WHOLESALE LLC","4124401448","025950","","","","","N","","","","","","N","","72252","","","","","","2","02820867","03"
"2020098405","02","0","3000 GRAND AVE","","PITTSBURGH","PA","15225","TRI-BORO TRAILER","8004274089","033000","","","","","N","","","","","","N","","","","","","","","2","00364088","06"
"2020083778","05","1","737 LINDWOOD DR","","GREENSBURG","PA","15601","LNADMARK LEASING INC","7173646925","080000","","","","","N","","","","","","N","","","","","","","","2","02984571","08"
"2020108397","03","0","12225  STEPHENS ROAD,","","WARREN","MI","48089","CENTRAL TRANSPORT LLC","5684671900","080000","","","","","N","","","","","","N","","A-9999999","","","","","","1","00661173","09"
"2020005580","03","1","1500 TRUMBULL RD","","GIRARD","OH","44420","AIM LEASING CO","3307594327","","","","","","","","","","","","N","","","","","","","","2","00488179","04"
"2020100543","04","3","1557 WAYNESBURG DR SE","","CANTON","OH","44707","PGD IV LLC","8008326748","080000","","","","","N","","","","","","N","","","","","","","","2","00192897","08"
"2020056771","02","1","146 SIMPSON ROAD","","GREENSBURG","PA","15601","CLAYS TRUCK RENTAL & REPAIR","7249258710","012300","","","","","N","","","","","","N","","","","","","","","1","02483840","09"
"2020011918","03","3","72 WILSON RD STE E","","EIGHTYFOUR","PA","15330","HUNTER CONTRACTING LLC.","4125551212","080000","","","","","N","","","","","","N","","","","","","","","2","02384729","98"
"2020016162","05","1","7955 CASS AVE","","DARIEN","IL","60561","GP TRANSPORTATION","8004605071","080000","","","","","N","","","","","","N","","","","","","","","1","01527352","08"
"2020016162","05","1","163 BOWES RD","","CONCORD","ON","L4K1H3","GN TRANSPORT LTD","8667386661","080000","","","","","N","","","","","","N","","","","","","","","3","00872574","08"
"2020016162","05","1","7702 S. CASS AVE, STE 110","","DARIEN","IL","60561","RELEX LEGISTICS INC","3125790879","080000","","","","","N","","","","","","N","","","","","","","","4","02993908","08"
"2020072534","03","4","7158 VANN DRIVE","","PITTSBURGH","PA","15206","COLE & COLE TRUCKING","4122777395","073280","","","","","N","","","","","","N","","8919980","","","","","","2","01669651","04"
"2020065475","99","0","2544 LIBERTY AVE","","PITTSBURGH","PA","15222","ZICKNACKS LLC","9999999999","014500","","","","","N","","","","","","N","","","","","","","","2","","02"
"2020080432","02","1","2508 WESTERN AVE","","SOUTH BEND","IN","46619","BRINKS INC","5742322571","019500","","","","","N","","","","","","N","","","","","","","","2","00076054","03"
"2020078248","03","1","14002 EAST 21ST ST SUITE 1500","","TULSA","OK","74134","EAN HOLDINGS","9184016000","050000","","","","","N","","","","","","N","","","","","","","","1","01704957","04"
"2020111685","99","99","2200 S 75TH AVE","","PHOENIX","AZ","85043","SWIFT TRANSPORT CO LLC","6022699700","035000","","","","","N","","","","","","N","","","","","","","","1","00054283","08"
"2020062441","02","4","1 MELE PL","","BRADDOCK","PA","15104","MELE MELE & SONS","4123511234","010000","","","","","N","","","","","","N","","","","","","","","2","02045293","03"
"2020057166","02","1","1821 BEAVER AVE","","PITTSBURGH","PA","15233","UPS","4126120193","015000","","","","","N","","","","","","N","","99999999","","","","","","3","99999999","03"
"2020061974","04","4","5477 STUEBENVILLE PIKE","","MCKEES ROCKS","PA","15136","PHELPS NURSERY PGH WEST INC","4124018541","073280","","","","","N","","","","","","N","","","","","","","","3","02319884","00"
"2020039762","02","1","21 E PARK AVE","","LYNN","MA","01902","JUMA TRANSPORTATION INC","9782386498","","","","","","","","","","","","N","","","","","","","","1","03332468","03"
"2020056056","02","8","2235 BEAVER AVENUE","","PITTSBURGH","PA","15233","PORT AUTHORITY OF ALLEGHENY CO","4124422000","027000","","","","","N","","","","","","N","","A-00976060","","","","","","1","","13"
"2020087074","99","0","8095 SALTSBURG RD","","PITTSBURGH","PA","15239","G KIDD INC","9999999999","016500","","","","","","","","","","","N","","","","","","","","2","","00"
"2020073099","05","3","279 RIPLEY LANDING","","MILLWOOD","WV","25262","CHRISTOPHER MULLINS","3047844273","080000","","","","","N","","","","","","N","","","","","","","","2","02609173","08"
"2020075594","03","99","5020 THOMS RUN ROAD","","OAKDALE","PA","15071","INDEPENDENT EQUIPMENT TRANSFER","4122211994","058400","","","","","N","","","","","","N","","","","","","","","2","00479580","04"
"2020034482","05","0","3166 WELMINGHAM","","ATLANTA","GA","30331","MJB TRANSPORTS LLC","2165561114","","","","","","N","","","","","","","","131569","","","","","","1","03185750","06"
"2020017004","02","1","3112 SMALLMAN STREET","","PITTSBURGH","PA","15201","PENSKE TRUCK RENTAL","8004673675","014500","","","","","N","","","","","","N","","","","","","","","2","00327574","03"
"2020055588","02","99","4200 INDUSTRIAL BLVD","","ALIQUIPPA","PA","15001","PGT TRUCKING","7247288350","","","","","","N","","","","","","N","","01883","","","","","","1","00192897","06"
"2020024038","02","0","2235 BEAVER AVENUE","","PITTSBURGH","PA","15233","PORT AUTHORITY","4124422000","","","","","","N","","","","","","","","A-00976060","","","","","","1","","13"
"2020014398","03","4","436 GRANT STREET","","PITTSBURGH","PA","15219","ALLEGHENY COUNTY","4127268744","072000","","","","","N","","","","","","N","","","","","","","","2","","04"
"2020009601","02","99","42 E MAIDEN ST REAR","","WASHINGTON","PA","15031","TRI STATE RESTORATION SERVICES","7242229007","011500","","","","","N","","","","","","N","","","","","","","","1","00000000","02"
"2020098318","99","99","1620 HARVEST HILL DR","","PITTSBURGH","PA","15239","SERVICING OTHER SOULS","9999999999","999999","","","","","","","","","","","N","","","","","","","","2","","02"
"2020001760","02","8","200 HAHN RD","","PITTSBURGH","PA","15209","FIRST STUDENT INC","4128313112","025000","","","","","N","","","","","","N","","","","","","","","1","00354406","12"
"2020079795","02","3","335 E. 7TH AVENUE","","HOMESTEAD","PA","15120","FRANJO CONSTRUCTION CORPORATION","4124624371","999999","","","","","N","","","","","","N","","","","","","","","1","02107117","00"
"2020006426","02","8","200 HAHN STREET","","PITTSBURGH","PA","15209","NATIONAL UNION FIRE INSURANCE CO","2126947100","999999","","","","","N","","","","","","N","","SC63839","","","","","","2","","12"
"2020080721","02","1","25 WAINWRIGHT ST","","NEWARL","NJ","07112","ALPHA O BARRY","2018520389","999999","","","","","N","","","","","","N","","","","","","","","3","03215155","03"
"2020015424","02","8","2235 BEAVER AVE","","PITTSBURGH","PA","15233","PORT AUTHORITY OF ALLEGHENY COUN","4124422000","","","","","","N","","","","","","N","","A-99999999","","","","","","2","","13"
"2020085249","05","99","2352 RUSSELLVILLE RD.","","BOWLING GREEN","KY","42101","GREENLINE EXPRESS INC","2707994594","080000","","","","","N","","","","","","N","","","","","","","","1","01632617","08"
"2020074415","04","5","12","12 WEST NOBLESTOWN ROAD","CARNEGIE","PA","15106","JC HOWARD","4122498209","080000","","","","","N","","","","","","N","","","","","","","","2","03385000","04"
"2020042847","04","4","296 CURRIE RD.","","PORTERSVILLE","PA","16051","MCCLYMONDS SUPPLY","7243688040","073280","","","","","N","","","","","","N","","","","","","","","2","00757900","04"
"2020066837","03","1","Q098 STATE RT 109","","NAPOLEON","OH","43545","SONNENBURG TRUCKING, LLC","4195924567","080000","","","","","N","","","","","","N","","","","","","","","1","02075644","08"
"2020066837","03","1","465 NEWGARDEN AVE","","SALEM","OH","44460","RK CAMPF INC","3303327089","080000","","","","","N","","","","","","N","","","","","","","","2","00604435","08"
"2020063086","01","1","1500 TRUMBULL AVE","","GIRARD","OH","44420","AIM LEASING COMPANY","3307594327","026000","","","","","N","","","","","","N","","","","","","","","3","02633565","03"
"2020020810","03","99","5 MAIN ST","","SMITHFIELD","PA","15478","MTS ENTERPRISES OF SMITHFIELD PA","7245691072","080000","","","","","N","","","","","","N","","","","","","","","1","00269173","08"
"2020032041","02","1","890 SAW MILL RUN BLVD","","BROOKLINE","PA","15226","RED WHITE AND BLUE THRIFT STORE","9999999999","014500","","","","","N","","","","","","U","","","","","","","","2","","03"
"2020109808","02","99","560 HORNING RD","","BETHEL PARK","PA","15102","PENNSYLVANIA AMERICAN WATER CO","4129151300","002600","","","","","N","","","","","","","","00000000","","","","","","2","00000000","99"
"2020085288","04","7","819 7TH STREET","","NEW KENSINGTON","PA","15068","MERE TRUCKING LLC","7245835762","999999","","","","","N","","","","","","N","","","","","","","","2","03317026","04"
"2020015612","99","1","STE 150014002 E 21ST ST","","TULSA","OK","74134","EAN HOLDINGS, LLC","3145125000","025950","","","","","N","","","","","","N","","","","","","","","2","99999999","09"
"2020113427","03","7","526 CITY COUNTY BLDG","","PITTSBURGH","PA","15219","CITY OF PITTSBURGH","4122552780","058400","","","","","N","","","","","","N","","","","","","","","2","00999999","05"
"2020078881","05","1","2868 EMERY CLUB WAY","","COLUMBUS","OH","43231","ABIDE LOGISTICS LLC","6148062100","080000","","","","","N","","","","","","N","","","","","","","","1","03143986","08"
"2020038140","02","8","2235 BEAVER AVENUE","","PITTSBURGH","PA","15233","PORT AUTHORITY OF ALLEGHENY CO","4124422000","072000","","","","","N","","","","","","N","","A-00976060","","","","","","1","","13"
"2020079054","99","99","3112 SMALLMAN ST","","PITTSBURGH","PA","99999","PENSKE TRUCK LEASING","9999999999","999999","","","","","N","","","","","","","","","","","","","","2","99999999","99"
"2020082999","03","99","4920 BUTTERMILK HOLLOW ROAD","","WEST MIFFLIN","PA","15122","EXCLUSIVE SERVICES","4124699700","","","","","","N","","","","","","","","","","","","","","2","00034557","06"
"2020056638","04","1","322 HUMMINGBIRD CIRCLE","","CRANBERRY TOWNSHIP","PA","16066","ROUTE STEP DELIVERY","7248311442","004659","","","","","N","","","","","","N","","1040047","","","","","","1","03286651","05"
"2020110155","04","7","197 SWAMP CREEK ROAD","","GILBERTSVILLE","PA","19525","WASTE MANAGEMENT OF PENNSYLVANIA","6103671383","073280","","","","","N","","","","","","N","","","","","","","","1","00344050","04"
"2020014423","01","0","1165 SANCTURAY PARKWAY","","ALPHARETTA","GA","30009","PLAN LEASE USA","9999999999","","","","","","N","","","","","","","","UNKNOWN","","","","","","2","0UNKNOWN","00"
"2020110455","05","1","705 QUAIL RIDGE","","ALEDO","TX","76008","HT BAR INC.","8006836319","080000","","","","","N","","","","","","N","","","","","","","","2","01050646","08"
"2020042953","02","1","1049 JEFFERSON RD","","PITTSBURGH","PA","15235","TURNER DIARY FARM INC","4123722211","032000","","","","","N","","","","","","N","","","","","","","","2","00381686","03"
"2020025401","03","4","109 DARK HOLLOW RD","","OAKMONT","PA","15139","CARD TRANSPORTATION LLC","7249803002","073280","","","","","N","","","","","","N","","","","","","","","2","01377857","09"
"2020069936","02","4","456 NORTH LEWIS RUN ROAD","","WEST MIFFLIN","PA","15122","JD LANDSCAPING","4125371229","010001","","","","","N","","","","","","N","","","","","","","","2","02250297","06"
"2020004800","04","8","345 SIXTH AVE","","PITTSBURGH","PA","15222","ALLEGHENY COUNTY PORT AUTHORITY","4124422000","999999","","","","","N","","","","","","N","","A-00976060","","","","","","1","","13"
"2021003941","02","4","226 MCCARTNEY DR","","CORAOPOLIS","PA","15108","BILL THOMPSON UTILITY SERVICE &E","4125765583","","","","","","N","","","","","","N","","A-00000000","","","","","","2","02638433","09"
"2020022597","02","3","414 GRANT ST SUITE 502","","PITTSBURGH","PA","15219","CITY OF PITTSBURGH EQUIPMENT","4127586161","010800","","","","","N","","","","","","N","","9999999999","","","","","","2","","03"
"2020075453","02","8","2235 BEAVER AVE","","PITTSBURGH","PA","15233","PORT AUTHORITY OF ALLEGHENY CO","4124422000","","","","","","N","","","","","","N","","","","","","","","2","99999999","13"
"2020107373","03","99","300 SCOTTSDALE AVENUE","","SCOTTDALE","PA","15683","PENN LINE SERVICE","8004489110","","","","","","N","","","","","","N","","","","","","","","1","","00"
"2020082991","99","99","526 CITY COUNTY BLDG","","PITTSBURGH","PA","99999","CITY OF PITTSBURGH EQUIPMENT","9999999999","012000","","","","","","","","","","","N","","","","","","","","1","","99"
"2020079169","04","99","101 KAPPA DRIVE","","PITTSBURGH","PA","15238","TALON LOGISTICS","4129635937","999999","","","","","N","","","","","","N","","","","","","","","2","00030237","08"
"2020079169","04","99","1014 COMMERCE DRIVE","","GRAFTON","OH","44044","SHAMA EXPRESS LLC","4409266500","999999","","","","","N","","","","","","N","","","","","","","","4","","08"
"2020079169","04","99","101 KAPA DRIVE","","PITTSBURGH","PA","15238","TALON LOGISTICS","4129635397","999999","","","","","N","","","","","","N","","","","","","","","5","00030237","08"
"2020045793","02","1","1118 3RD STREET","","NORTH VERSAILLES","PA","15137","BANKS GAS SERVICES INC","4128295000","","","","","","N","","","","","","N","","","","","","","","1","02035601","03"
"2020039334","03","7","111 CONNER LANE","","BELLE VERNON","PA","15012","NOBLE ENVIRONMENTAL INC","8888830333","","","","","","N","","","","","","N","","","","","","","","1","02572451","04"
"2020112559","02","6","2235 BEAVER AVE","2235 BEAVER AVE","PITTSBURGH","PA","15233","PORT AUTHORITY OF ALLEGHENY CO","4122551385","","","","","","N","","","","","","N","","A-00976060","","","","","","1","","13"
"2020022732","04","3","100 BUS CENTER DRIVE","","CHESWICK","PA","15024","TRULITE GLASS & ALUMINUM SOLUTIO","8002329050","080000","","","","","N","","","","","","N","","","","","","","","1","00305172","04"
"2020032439","02","1","3739 FOSTER ST","","PITTSBURGH","PA","152013228","IRON CITY SERVICE LLC","8004685265","014500","","","","","N","","","","","","N","","","","","","","","1","03275360","03"
"2020032439","02","1","3739 FOSTER ST","","PITTSBURGH","PA","152013228","IRON CITY SERVICE LLC","8004685265","014500","","","","","N","","","","","","N","","","","","","","","2","03275360","03"
"2020062074","04","7","5331 MCANULTY RD","","PITTSBURGH","PA","15236","MICHAEL BROTHERS TRANSPORTATION","4128356428","058400","","","","","N","","","","","","N","","","","","","","","1","02408389","04"
"2020066656","05","99","2200 S 75TH AVENUE","","PHOENIX","AZ","85043","SWFT TRANSPORTATION CO. OF ARIZO","8008002200","080000","","","","","N","","","","","","N","","","","","","","","1","00054283","02"
"2020036637","03","4","1 LEEE ST EXT","","CARNEGIE","PA","15106","B & T LAND DEVELOPEMENT INC","7244064172","050100","","","","","N","","","","","","N","","","","","","","","1","03309857","09"
"2020106504","04","8","345 SIXTH AVE","","PITTSBURGH","PA","15222","ALLEGHENY COUNTY PORT AUTHORITY","4124422000","999999","","","","","N","","","","","","N","","A-00976060","","","","","","1","","13"
"2020067417","02","0","1001 MILLERS LN","","PITTSBURGH","PA","15239","SCHULTHEIS BROTHERS ROOFING","4128281422","010000","","","","","N","","","","","","N","","","","","","","","1","02370715","02"
"2020057956","03","0","PO BOX 1037","","FORT MORGAN","CO","80701-1037","GREENBANK TRUCKING LLC","9703800634","080000","","","","","N","","","","","","N","","","","","","","","2","02265088","08"
"2020027849","03","3","2455 PACES FERRY RD NW - TRANS","","ATLANTA","GA","30339","HOME DEPOT USA INC","8004303376","054600","","","","","N","","","","","","N","","","","","","","","2","00080806","04"
"2020058242","04","99","662 MACKEY ROAD","","WHATLEY","AL","36482","RETHA & GRANDSONS","2512428348","","","","","","N","","","","","","N","","","","","","","","1","03382302","06"
"2020001573","02","4","17TH & ARSENAL BLVD","","HARRISBURG","PA","17120","PENNDOT","4122929097","","","","","","N","","","","","","N","","","","","","","","2","","03"
"2020044487","02","3","721 CLAIRTON BLVD","","PITTSBURGH","PA","15236","AMERICAN TOWING SERVICES","8589670170","","","","","","","","","","","","","","","","","","","","3","03399295","03"
"2020082490","99","7","301 HAMILTON DR EXT","","PITTSBURGH","PA","15235","VERRICO LANDSCAPING","9999999999","018750","","","","","","","","","","","N","","","","","","","","1","","99"
"2020062224","02","1","5084 HAVENSIDE DR","","HILLIARD","OH","43026","ALL TRUCKS INC","6145968512","037000","","","","","N","","","","","","N","","","","","","","","1","02307462","08"
"2020092047","01","99","1511 MONASTERY DR","","LATROBE","PA","15650","LAUREL VALLEY GRAPHICS","7245394545","026000","","","","","N","","","","","","N","","","","","","","","2","","09"
"2020017340","02","8","2235 BEAVER AVE","","PITTSBURGH","PA","15233","PORT AUTHORITY OF ALLEGHENY CO","4124422000","999999","","","","","N","","","","","","N","","","","","","","","2","","13"
"2020032202","01","1","2500 ELDO RD","","MONROEVILLE","PA","15146","TRUGREEN LAWN CARE","4123802700","014500","","","","","N","","","","","","N","","","","","","","","1","00342305","03"
"2020087826","02","1","4601 GOLD SPIKE DRIVE","","FORT WORTH","TX","76106","AMAZON LOGISTICS INC.","8772432915","999999","","","","","N","","","","","","N","","","","","","","","1","03460301","02"
"2021002872","99","99","123 UNKNOWN RD","","UNKNOWN","ZZ","99999","UNKNOWN","9999999999","999999","","","","","","","","","","","N","","","","","","","","1","99999999","00"
"2020076475","05","6","3004 JERSEY ST","","MCKEESPORT","PA","15132","CITY TO CITY HAULERS","4122607800","025990","","","","","N","","","","","","N","","","","","","","","1","03273846","06"
"2020109275","02","0","2235 BEAVER AVENUE","","PITTSBURGH","PA","15233","PORT AUTHORITY OF ALLEGHENY CO","4124422000","040000","","","","","N","","","","","","","","A-00976060","","","","","","2","","13"
"2020045778","02","1","3132 INDUSTRIAL BLVD","","BETHEL PARK","PA","15102","SOUTH HILLS MOVES","4123918600","019000","","","","","N","","","","","","N","","","","","","","","2","00098045","03"
"2020020509","03","3","7901 MELTON RD","","GARY","IN","46403","KAPLAN TRUCKING COMPANY","8003522848","","","","","","N","","","","","","N","","","","","","","","2","","99"
"2020011868","05","99","212 COUNTRY LN","","WEST NEWTON","PA","15089","JA TRUCKING INC","7248720804","080000","","","","","N","","","","","","N","","A-00115904","","","","","","2","00267253","08"
"2020105262","02","1","205 WASHINGTON ST","","PITTSBURGH","PA","15056","PINNACLE FOODS","7245314465","012500","","","","","N","","","","","","N","","","","","","","","1","00043701","03"
"2020061447","03","1","4269 JUBILEE RD.","","MADISON TOWNSHIP","PA","18444","G J PIERRE TRUCKING","5702338516","020000","","","","","N","","","","","","U","","WB208","","","","","","2","00113693","08"
"2020086878","02","3","500 CORPORATE DRIVE BLD","","READING","PA","19605","GARDA CL ATLANTIC INC","9999999999","","","","","","N","","","","","","","","","","","","","","1","","03"
"2020052678","02","1","8814 ROYAL MANOR DR","APT 104","ALLISON PARK","PA","15101","AUTUMN TRANSPORTATION","2054221979","020000","","","","","N","","","","","","N","","MC975642","","","","","","2","02900586","03"
